Status,Reason To Go,Reason To Go - Category,Reason To Go - All Tags,Reason Not To Go,Reason Not To Go - Category,Reason Not To Go - All Tags,What Would Help
No,,,,Good for my son to go without me.,Wants Child to Have Independent Experience,Wants Child to Have Independent Experience,
No,,,,Confidence in my kid,Wants Child to Have Independent Experience,Wants Child to Have Independent Experience,
No,,,,Not needed,Not Needed,Not Needed,
No,,,,I still have younger children to save for.,Other Kids / Family at Home,Other Kids / Family at Home,
No,,,,I think it is better for him,Wants Child to Have Independent Experience,Wants Child to Have Independent Experience,
No,,,,Want my son to have his own experience,Wants Child to Have Independent Experience,Wants Child to Have Independent Experience,
Yes,"I love teenagers, people in other cultures, and I love travel.",Love of Travel / Culture,Love of Travel / Culture,,,,
Yes,"My husband wanted someone to go with our daughter, but I also wanted to experience this piece of heaven. I love teenagers!",Wanted Shared Experience with Child,Wanted Shared Experience with Child,,,,
No,,,,The cost. Would have loved to go as a parent but it just wasn't in our budget,Cost / Finances,Cost / Finances,
No,,,,Friends with experience,Wants Child to Have Independent Experience,Wants Child to Have Independent Experience,
Yes,Could go with my son,Other / Uncategorized,,,,,
No,,,,Time away from work,Work Schedule / Time Off,Work Schedule / Time Off,
No,,,,Thought my daughter would have a better experience with out me,Wants Child to Have Independent Experience,Wants Child to Have Independent Experience,
No,,,,,,,
No,,,,,,,
No,,,,Our son needs an independent experience.,Wants Child to Have Independent Experience,Wants Child to Have Independent Experience,
No,,,,Money,Cost / Finances,Cost / Finances,
No,,,,I have 4 other kiddos at home that need me,Other Kids / Family at Home,Other Kids / Family at Home,
No,,,,cost,Cost / Finances,Cost / Finances,
No,,,,my daughter does not want me to go,Child Didn't Want Parent to Come,Child Didn't Want Parent to Come,
No,,,,Wanted my son to go alone,Wants Child to Have Independent Experience,Wants Child to Have Independent Experience,
No,,,,,,,
Yes,My daughter asked me ro go,Child/Spouse Asked Them to Go,Child/Spouse Asked Them to Go,,,,
No,,,,I want to fill up my time with something fun that makes me happy and is productive. I am also excited to experience the beauty of OBX,Work Schedule / Time Off,Work Schedule / Time Off; Wants Child to Have Independent Experience,
No,,,,My job and time off. I would really love to go another year.,Work Schedule / Time Off,Work Schedule / Time Off,
No,,,,"I wanted my daughter to have this experience on her own. I wanted her to rely on her group rather than me, to help her build stronger connections with other builders & the trip leaders.",Wants Child to Have Independent Experience,Wants Child to Have Independent Experience; Other Life Commitment,
No,,,,Younger kids at home,Other Kids / Family at Home,Other Kids / Family at Home,
No,,,,Daughter asked me not to go,Child Didn't Want Parent to Come,Child Didn't Want Parent to Come,
No,,,,"I really wanted to go, my son was cool with me going, but the Spirit said he needed to do this without me.",Wants Child to Have Independent Experience,Wants Child to Have Independent Experience,
No,,,,Work schedule is not compatible with the HXP schedule.,Work Schedule / Time Off,Work Schedule / Time Off,
No,,,,"Cost & time away from other kids, also excited for my son to do this without me",Cost / Finances,Cost / Finances; Work Schedule / Time Off; Other Kids / Family at Home; Wants Child to Have Independent Experience,
Maybe,,,,,,,Cost
No,,,,Private time for him,Work Schedule / Time Off,Work Schedule / Time Off,
No,,,,Work obligations,Work Schedule / Time Off,Work Schedule / Time Off,
No,,,,My child wanted to go on her own.,Wants Child to Have Independent Experience,Wants Child to Have Independent Experience,
Yes,Previous trips,Previous Positive Experience,Previous Positive Experience,,,,
No,,,,Time/ son coming home from a mission,Work Schedule / Time Off,Work Schedule / Time Off; Other Life Commitment,
Yes,I have been before and love it.,Previous Positive Experience,Previous Positive Experience,,,,
Yes,The Q&A night,Trust in the HXP Program,Trust in the HXP Program,,,,
No,,,,My husband is going as the male parent builder,Another Family Member Going Instead,Another Family Member Going Instead,
No,,,,Time and money,Cost / Finances,Cost / Finances; Work Schedule / Time Off,
No,,,,,,,
No,,,,Just the timing with life and having other kids at home.,Work Schedule / Time Off,Work Schedule / Time Off; Other Kids / Family at Home,
No,,,,Other kids at home.,Other Kids / Family at Home,Other Kids / Family at Home,
No,,,,I want my son To have this experience alone.,Wants Child to Have Independent Experience,Wants Child to Have Independent Experience,
No,,,,Wanted my son to be on his own,Wants Child to Have Independent Experience,Wants Child to Have Independent Experience,
Maybe,,,,,,,If it was less expensive
No,,,,I wanted my daughter to have an experience where she needed to learn to rely on herself instead of her parents,Wants Child to Have Independent Experience,Wants Child to Have Independent Experience,
No,,,,"$$, otherwise, I'd love to go. We could only afford for our youth to go.",Cost / Finances,Cost / Finances,
No,,,,I want my son to have an independent experience away from parents.,Wants Child to Have Independent Experience,Wants Child to Have Independent Experience,
No,,,,,,,
No,,,,My husband and I have both been trip builders before. Our son wanted the experience of going without parents :),Wants Child to Have Independent Experience,Wants Child to Have Independent Experience,
No,,,,This is my son's experience. He always has his parents in tow on church functions.,Wants Child to Have Independent Experience,Wants Child to Have Independent Experience,
No,,,,My child wanted to go alone,Wants Child to Have Independent Experience,Wants Child to Have Independent Experience,
No,,,,My child,Family's Own Choice (No Elaboration),Family's Own Choice (No Elaboration),
No,,,,I think my daughter was excited to do this on her own - without her dad or I having to be part of it.,Wants Child to Have Independent Experience,Wants Child to Have Independent Experience,
No,,,,Timing & cost,Cost / Finances,Cost / Finances; Work Schedule / Time Off,
No,,,,The expense,Cost / Finances,Cost / Finances,
No,,,,My daughter really wanted to have an independent experience and go on her own.,Wants Child to Have Independent Experience,Wants Child to Have Independent Experience,
No,,,,Wanting to let my son have his own experience,Wants Child to Have Independent Experience,Wants Child to Have Independent Experience,
No,,,,Time and money,Cost / Finances,Cost / Finances; Work Schedule / Time Off,
No,,,,Price,Cost / Finances,Cost / Finances,
No,,,,Availability,Work Schedule / Time Off,Work Schedule / Time Off,
Maybe,,,,,,,
No,,,,,,,
No,,,,My little kids at home.,Other Kids / Family at Home,Other Kids / Family at Home,
No,,,,My child wanted to go alone and I have younger children,Other Kids / Family at Home,Other Kids / Family at Home; Wants Child to Have Independent Experience,
No,,,,Time away from work and wanted son to have his own experience.,Work Schedule / Time Off,Work Schedule / Time Off; Wants Child to Have Independent Experience,
Yes,My wife went with our son last year.,Previous Positive Experience,Previous Positive Experience,,,,
No,,,,Wanted my daughter to have as much autonomy while on her trip.,Wants Child to Have Independent Experience,Wants Child to Have Independent Experience,
Yes,"Desire to spend time with my daughter doing something important, memorable and impactful.",Wanted Shared Experience with Child,Wanted Shared Experience with Child,,,,
No,,,,Work obligations,Work Schedule / Time Off,Work Schedule / Time Off,
No,,,,Work,Work Schedule / Time Off,Work Schedule / Time Off,
No,,,,My child needed to do this without a parent,Wants Child to Have Independent Experience,Wants Child to Have Independent Experience,
No,,,,I don't enjoy being responsible for other people's kids,Not a Traveler / Personal Preference,Not a Traveler / Personal Preference,
Yes,Desire to spend time with my son and to have an adventure.,Wanted Shared Experience with Child,Wanted Shared Experience with Child; Love of Travel / Culture,,,,
No,,,,,,,
No,,,,My daughter didn't want us to go,Child Didn't Want Parent to Come,Child Didn't Want Parent to Come,
No,,,,Personally not adventurous and comfortable,Not a Traveler / Personal Preference,Not a Traveler / Personal Preference,
Yes,"I wanted my son to go, and there was not a spot for him. The spot was freed up when I agreed to go as a parent builder. And I have a brother-in-law who went as a parent builder and had nothing but fantastic things to say about his experience.",Wanted Shared Experience with Child,Wanted Shared Experience with Child,,,,
No,,,,We thought it would be a better experience for him to go alone,Wants Child to Have Independent Experience,Wants Child to Have Independent Experience,
No,,,,Big church callings have required us to always be at camps and other activities for our children. Our son needs a chance to be able to go out and experience life on his own without mom and dad there.,Wants Child to Have Independent Experience,Wants Child to Have Independent Experience; Other Life Commitment,
No,,,,Busy schedule,Work Schedule / Time Off,Work Schedule / Time Off,
No,,,,can't make it work with kids at home,Work Schedule / Time Off,Work Schedule / Time Off; Other Kids / Family at Home,
No,,,,"We wanted our daughter to have an experience on her own, I have been at every camp etc she has been to. :)",Wants Child to Have Independent Experience,Wants Child to Have Independent Experience,
No,,,,Other kids at home,Other Kids / Family at Home,Other Kids / Family at Home,
No,,,,Not the right season of my life. I still have little kids at home. I also think for my particular child she will have a better experience on her own.,Other Kids / Family at Home,Other Kids / Family at Home; Wants Child to Have Independent Experience,
No,,,,Sibling had a great experience,Other Kids / Family at Home,Other Kids / Family at Home; Wants Child to Have Independent Experience,
No,,,,Money. Also our child needs to learn to do things without his parents there.,Cost / Finances,Cost / Finances; Wants Child to Have Independent Experience,
No,,,,To the parent expo? I must not have been paying attention because I didn't know about it.,Not Aware It Was an Option,Not Aware It Was an Option,
No,,,,I want my son to learn that he can be independent of me and have his own experience,Wants Child to Have Independent Experience,Wants Child to Have Independent Experience,
No,,,,I wanted my daughter to have an independent experience,Wants Child to Have Independent Experience,Wants Child to Have Independent Experience,
Yes,My daughter wouldn't go with me,Concerned About Child Going Alone / Safety,Concerned About Child Going Alone / Safety,,,,
No,,,,learning to know and serve people who are having a different life experience from us.,Wants Child to Have Independent Experience,Wants Child to Have Independent Experience,
No,,,,cost and family responsibility at home,Cost / Finances,Cost / Finances; Work Schedule / Time Off,
No,,,,"Cost mainly. Also, we want our child to have an experience away from family.",Cost / Finances,Cost / Finances; Other Kids / Family at Home; Wants Child to Have Independent Experience,
No,,,,My husband is going with our daughter instead,Another Family Member Going Instead,Another Family Member Going Instead,
No,,,,Time,Work Schedule / Time Off,Work Schedule / Time Off,
No,,,,money and time,Cost / Finances,Cost / Finances; Work Schedule / Time Off,
No,,,,"I want my son to experience being away from his parents and make connections, make decisions and be his own person on the trip.",Wants Child to Have Independent Experience,Wants Child to Have Independent Experience,
No,,,,Too many kids back home to take care of.,Other Kids / Family at Home,Other Kids / Family at Home,
No,,,,"Time commitment, availability, and I want my son to have an experience away from me",Work Schedule / Time Off,Work Schedule / Time Off; Wants Child to Have Independent Experience,
No,,,,Costs. My husband went before and loved it. If it wasn't so expensive I would have gone!,Cost / Finances,Cost / Finances; Another Family Member Going Instead,
No,,,,I'm not good with teenagers,Not a Traveler / Personal Preference,Not a Traveler / Personal Preference,
No,,,,I think the experience will be fuller without mom or dad there.,Wants Child to Have Independent Experience,Wants Child to Have Independent Experience,
Yes,The destination country and the service opportunity,Faith / Service Motivation,Faith / Service Motivation,,,,
No,,,,Work,Work Schedule / Time Off,Work Schedule / Time Off,
No,,,,Money,Cost / Finances,Cost / Finances,
Maybe,,,,,,,Cost and destination choice.
No,,,,,,,
No,,,,Mostly financial… also wanted her to get to do something independently,Cost / Finances,Cost / Finances; Wants Child to Have Independent Experience,
No,,,,Felt my daughter needed the chance to go out on her own,Wants Child to Have Independent Experience,Wants Child to Have Independent Experience,
Yes,My sibling went. Health concerns for my child.,Concerned About Child Going Alone / Safety,Concerned About Child Going Alone / Safety,,,,
No,,,,My daughter wanted this to be her experience.,Wants Child to Have Independent Experience,Wants Child to Have Independent Experience,
No,,,,,,,
No,,,,I have other kids at home and too many obligations to leave,Work Schedule / Time Off,Work Schedule / Time Off; Other Kids / Family at Home,
No,,,,cost,Cost / Finances,Cost / Finances,
No,,,,Child wants to be independent and want to give them that opportunity.,Wants Child to Have Independent Experience,Wants Child to Have Independent Experience,
No,,,,,,,
No,,,,Money.,Cost / Finances,Cost / Finances,
No,,,,,,,
No,,,,Work and family responsibilities,Work Schedule / Time Off,Work Schedule / Time Off,
No,,,,the price was the main factor,Cost / Finances,Cost / Finances,
Yes,My son and wife asked me if I would like to participate as a Parent Builder... You don't say No to that kind of invitation... I was on it!,Child/Spouse Asked Them to Go,Child/Spouse Asked Them to Go,,,,
No,,,,Money and letting my daughter have her own experience,Cost / Finances,Cost / Finances; Wants Child to Have Independent Experience,
Maybe,,,,,,,
No,,,,My daughter didn't want me to go with her,Child Didn't Want Parent to Come,Child Didn't Want Parent to Come,
No,,,,My daughter did not want me to go,Child Didn't Want Parent to Come,Child Didn't Want Parent to Come,
No,,,,Mom was already full,Trip / Spot Was Already Full,Trip / Spot Was Already Full; Another Family Member Going Instead,
No,,,,Cost of the trip was too expensive for both of us to go,Cost / Finances,Cost / Finances,
Yes,I love to travel and love what HXP does to help.,Love of Travel / Culture,Love of Travel / Culture,,,,
No,,,,Cost,Cost / Finances,Cost / Finances,
No,,,,3 other kids at home,Other Kids / Family at Home,Other Kids / Family at Home,
No,,,,,,,
No,,,,Additional Cost,Cost / Finances,Cost / Finances,
No,,,,Not enough vacation time,Work Schedule / Time Off,Work Schedule / Time Off,
No,,,,Time availability. Two working parents don't have time available off work to commit to such a big trip.,Work Schedule / Time Off,Work Schedule / Time Off,
No,,,,Other commitments and wanting to give son space,Work Schedule / Time Off,Work Schedule / Time Off,
No,,,,,,,
No,,,,Cost,Cost / Finances,Cost / Finances,
No,,,,my child,Family's Own Choice (No Elaboration),Family's Own Choice (No Elaboration),
No,,,,I have 6 younger children at home,Other Kids / Family at Home,Other Kids / Family at Home,
No,,,,Cost,Cost / Finances,Cost / Finances,
No,,,,Daughter wanted to go alone.,Wants Child to Have Independent Experience,Wants Child to Have Independent Experience,
Yes,I'm impressed by the HXP program and know we'll be in good hands.,Trust in the HXP Program,Trust in the HXP Program,,,,
No,,,,My child wouldn't want me there,Child Didn't Want Parent to Come,Child Didn't Want Parent to Come,
No,,,,My kids. They didn't want me to go. They wanted to experience it themselves without me getting a birds eye view.,Child Didn't Want Parent to Come,Child Didn't Want Parent to Come; Wants Child to Have Independent Experience,
No,,,,Money and time,Cost / Finances,Cost / Finances; Work Schedule / Time Off,
No,,,,Our daughter didn't want us to go with her =),Child Didn't Want Parent to Come,Child Didn't Want Parent to Come,
No,,,,schedule with work,Work Schedule / Time Off,Work Schedule / Time Off,
No,,,,Other obligations at home,Work Schedule / Time Off,Work Schedule / Time Off,
No,,,,"Health issues, other children at home",Other Kids / Family at Home,Other Kids / Family at Home; Health / Physical / Age,
No,,,,Time and $ and expired passport,Cost / Finances,Cost / Finances; Work Schedule / Time Off,
No,,,,Time,Work Schedule / Time Off,Work Schedule / Time Off,
No,,,,We think it would be great for our son to go without one of us. My older son went last year with my husband.,Wants Child to Have Independent Experience,Wants Child to Have Independent Experience,
No,,,,Cost,Cost / Finances,Cost / Finances,
No,,,,I'm deaf and I believe it would be difficult to communicate with the group.,Health / Physical / Age,Health / Physical / Age,
No,,,,,,,
No,,,,Work obligations,Work Schedule / Time Off,Work Schedule / Time Off,
No,,,,Can't make it.,Work Schedule / Time Off,Work Schedule / Time Off,
No,,,,Time demands,Work Schedule / Time Off,Work Schedule / Time Off,
No,,,,Money,Cost / Finances,Cost / Finances,
No,,,,My son did not want me to go with him,Child Didn't Want Parent to Come,Child Didn't Want Parent to Come,
Yes,,,,,,,
No,,,,,,,
No,,,,Work,Work Schedule / Time Off,Work Schedule / Time Off,
No,,,,I have young children at home,Other Kids / Family at Home,Other Kids / Family at Home,
No,,,,Too many other kids at home that I can't leave,Other Kids / Family at Home,Other Kids / Family at Home,
No,,,,Let my daughter have her own experience with me,Wants Child to Have Independent Experience,Wants Child to Have Independent Experience,
No,,,,My son did not want me to go,Child Didn't Want Parent to Come,Child Didn't Want Parent to Come,
No,,,,Cost and I already went with another child,Cost / Finances,Cost / Finances; Other Kids / Family at Home,
No,,,,Cost,Cost / Finances,Cost / Finances,
No,,,,too expensive to pay for my child and myself. I also think this is a great opportunity for her to do this on her own.,Cost / Finances,Cost / Finances; Wants Child to Have Independent Experience,
No,,,,"Other obligations this year, but I hope to go in the future!",Work Schedule / Time Off,Work Schedule / Time Off,
No,,,,I want my daughter to have an independent experience.,Wants Child to Have Independent Experience,Wants Child to Have Independent Experience,
No,,,,I can't leave my other children.,Other Kids / Family at Home,Other Kids / Family at Home,
Maybe,,,,,,,"This year my son wanted to go alone. But on our way to drop him off at LAX for Fiji Nadi 1, he asked if I would go with him on a trip next year. I'm surprised he wanted me to go! So I'll definitely consider it for next year."
No,,,,I'm not adventurous enough. I don't do well being away from home for that long. Also I want my child to have their own experience without me there.,Other Kids / Family at Home,Other Kids / Family at Home; Wants Child to Have Independent Experience; Not a Traveler / Personal Preference,
No,,,,Expense,Cost / Finances,Cost / Finances,
No,,,,Too busy with other kids,Work Schedule / Time Off,Work Schedule / Time Off; Other Kids / Family at Home,
No,,,,Son didn't want me to!,Child Didn't Want Parent to Come,Child Didn't Want Parent to Come,
No,,,,Work commitments,Work Schedule / Time Off,Work Schedule / Time Off,
No,,,,I think it would be better for my daughter to be on her own experiencing this!,Wants Child to Have Independent Experience,Wants Child to Have Independent Experience,
No,,,,son wanted to see how he could do being away from us in preparing for leaving on a mission next summer.,Other Life Commitment,Other Life Commitment,
Maybe,,,,,,,
No,,,,"Too many thing going on at home, and cost.",Cost / Finances,Cost / Finances,
No,,,,I attended as a parent builder with my daughter in Malawi 2022. We absolutely loved it. My son wanted to go on a trip independently this time. I hope to go again sometime!,Work Schedule / Time Off,Work Schedule / Time Off; Wants Child to Have Independent Experience,
No,,,,my son didn't ask me to go,Child Didn't Want Parent to Come,Child Didn't Want Parent to Come,
No,,,,More kids at home.,Other Kids / Family at Home,Other Kids / Family at Home,
No,,,,we wanted our child to be able to enjloy this experience on her own without us - we feel that she will have a much better experience being able to go and meet new people and feel independent of parental influence,Wants Child to Have Independent Experience,Wants Child to Have Independent Experience,
No,,,,Money and time,Cost / Finances,Cost / Finances; Work Schedule / Time Off,
No,,,,,,,
No,,,,I have other children at home and it is too long to leave them. My so. Also wanted an experience just for himself.,Other Kids / Family at Home,Other Kids / Family at Home; Wants Child to Have Independent Experience,
No,,,,I wanted my daughter to have this experience on her own before she moves out of state for college in the fall. Trying her first time away from home this long in preparation for moving out of state. We will miss her greatly.,Work Schedule / Time Off,Work Schedule / Time Off; Other Kids / Family at Home; Wants Child to Have Independent Experience; Other Life Commitment,
No,,,,Cost.,Cost / Finances,Cost / Finances,
Yes,Someone at hxp and my daughter,Other / Uncategorized,,,,,
No,,,,Time,Work Schedule / Time Off,Work Schedule / Time Off,
No,,,,Cost,Cost / Finances,Cost / Finances,
No,,,,"I have other children at home to care for. Also, the cost is too high for me to go as well.",Cost / Finances,Cost / Finances; Other Kids / Family at Home,
No,,,,Our girls (we have 2 going) needed to push themselves out of their comfort zones & we thought that that would not happen if we were there. They would hold back getting to know others & just stick closer to us.,Wants Child to Have Independent Experience,Wants Child to Have Independent Experience,
No,,,,,,,
No,,,,My child,Family's Own Choice (No Elaboration),Family's Own Choice (No Elaboration),
No,,,,My child didn't really want me to go,Child Didn't Want Parent to Come,Child Didn't Want Parent to Come,
No,,,,I have other kids at home I need to be here for,Other Kids / Family at Home,Other Kids / Family at Home,
No,,,,Time of year,Work Schedule / Time Off,Work Schedule / Time Off,
No,,,,,,,
No,,,,I have younger kids at home that need me.,Other Kids / Family at Home,Other Kids / Family at Home,
No,,,,Physical limitations,Health / Physical / Age,Health / Physical / Age,
Yes,Love HXP and what they offer,Trust in the HXP Program,Trust in the HXP Program,,,,
No,,,,,,,
No,,,,My child wanted to go without a parent.,Wants Child to Have Independent Experience,Wants Child to Have Independent Experience,
No,,,,Time constraints with working,Work Schedule / Time Off,Work Schedule / Time Off,
No,,,,Money,Cost / Finances,Cost / Finances,
No,,,,Younger kids at home,Other Kids / Family at Home,Other Kids / Family at Home,
No,,,,,,,
No,,,,time commitment,Work Schedule / Time Off,Work Schedule / Time Off,
No,,,,"Our daughter really wanted to go on her own, after reading on the website why it's good to go without friends. She decided without a parent would be good too. Haha!",Wants Child to Have Independent Experience,Wants Child to Have Independent Experience,
Yes,spending time with my son,Wanted Shared Experience with Child,Wanted Shared Experience with Child,,,,
No,,,,Other children and church calling.,Other Kids / Family at Home,Other Kids / Family at Home,
No,,,,Mostly because it is a trip my kids want to do with out us. And it's expensive,Cost / Finances,Cost / Finances; Wants Child to Have Independent Experience,
No,,,,Work schedule,Work Schedule / Time Off,Work Schedule / Time Off,
No,,,,It was full,Trip / Spot Was Already Full,Trip / Spot Was Already Full,
No,,,,Not a huge fan of traveling.,Not a Traveler / Personal Preference,Not a Traveler / Personal Preference,
No,,,,Cost & time committment,Cost / Finances,Cost / Finances; Work Schedule / Time Off,
No,,,,,,,
No,,,,Money,Cost / Finances,Cost / Finances,
No,,,,I have other small kids so it's not feasible at this time,Work Schedule / Time Off,Work Schedule / Time Off,
No,,,,,,,
No,,,,I want my kids to have an experience without their own parents there.,Wants Child to Have Independent Experience,Wants Child to Have Independent Experience,
No,,,,Got asked last minute and had other travel plans,Other Life Commitment,Other Life Commitment,
No,,,,My son didn't want me to. He wanted his own experience. 🤣,Child Didn't Want Parent to Come,Child Didn't Want Parent to Come; Wants Child to Have Independent Experience,
Yes,Having this experience to share with my daughter,Wanted Shared Experience with Child,Wanted Shared Experience with Child,,,,
No,,,,My son's independece,Wants Child to Have Independent Experience,Wants Child to Have Independent Experience,
No,,,,Time,Work Schedule / Time Off,Work Schedule / Time Off,
Yes,Previous children went on HXP,Previous Positive Experience,Previous Positive Experience,,,,
No,,,,Children at home.,Other Kids / Family at Home,Other Kids / Family at Home,
No,,,,I've done it before and it was awesome. But I can't afford it.,Cost / Finances,Cost / Finances,
No,,,,You her son at home,Other Kids / Family at Home,Other Kids / Family at Home,
Yes,Daughter/cause,Other / Uncategorized,,,,,
No,,,,Cost,Cost / Finances,Cost / Finances,
No,,,,Time,Work Schedule / Time Off,Work Schedule / Time Off,
No,,,,Let me child go alone,Wants Child to Have Independent Experience,Wants Child to Have Independent Experience,
No,,,,Location,Other / Uncategorized,,
No,,,,Our daughter didn't want a parent to go,Child Didn't Want Parent to Come,Child Didn't Want Parent to Come,
No,,,,Time away from family and cost,Cost / Finances,Cost / Finances; Work Schedule / Time Off; Other Kids / Family at Home,
No,,,,Time,Work Schedule / Time Off,Work Schedule / Time Off,
Yes,went a few years ago with another daughter and loved it. wanted it again for this child,Previous Positive Experience,Previous Positive Experience,,,,
No,,,,My granddaughter went to Thailand last year so we wanted Drake to have the experience too.,Wants Child to Have Independent Experience,Wants Child to Have Independent Experience,
Yes,"My daughter, and my sister-in-law went as a parent builder last year.",Previous Positive Experience,Previous Positive Experience,,,,
Yes,"Knowing past parent builders, chance to spend time with my daughter (busy/demanding job) and a chance to return to my mission",Wanted Shared Experience with Child,Wanted Shared Experience with Child; Faith / Service Motivation,,,,
No,,,,,,,
No,,,,My child didn't really want me to go. She wanted to experience it on her own!,Child Didn't Want Parent to Come,Child Didn't Want Parent to Come; Wants Child to Have Independent Experience,
No,,,,"Time, money, and other kids at home",Cost / Finances,Cost / Finances; Work Schedule / Time Off; Other Kids / Family at Home,
No,,,,Only the price,Cost / Finances,Cost / Finances,
No,,,,,,,
No,,,,"My son wants to do it on his own, and the cost.",Cost / Finances,Cost / Finances; Wants Child to Have Independent Experience,
No,,,,other obligations at this time,Work Schedule / Time Off,Work Schedule / Time Off,
No,,,,Other Children at Home,Other Kids / Family at Home,Other Kids / Family at Home,
No,,,,I couldn't leave my family,Other Kids / Family at Home,Other Kids / Family at Home,
No,,,,I wanted my daughter to have the experience of going and not knowing anyone,Wants Child to Have Independent Experience,Wants Child to Have Independent Experience,
No,,,,Have younger kids at home,Other Kids / Family at Home,Other Kids / Family at Home,
No,,,,Time off work,Work Schedule / Time Off,Work Schedule / Time Off,
No,,,,My wife is going. I don't have enough time off from work to be able to go.,Work Schedule / Time Off,Work Schedule / Time Off; Another Family Member Going Instead,
No,,,,Time commitment with small children at home,Work Schedule / Time Off,Work Schedule / Time Off; Other Kids / Family at Home,
Yes,Location and HXP asked me.,Child/Spouse Asked Them to Go,Child/Spouse Asked Them to Go,,,,
No,,,,I want my child to have their own experience.,Wants Child to Have Independent Experience,Wants Child to Have Independent Experience,
Yes,My son asked me to go,Child/Spouse Asked Them to Go,Child/Spouse Asked Them to Go,,,,
Yes,I've heard great things from our neighbors who've taken their kids on trips. I really wanted our children to have amazing experiences too.,Wanted Shared Experience with Child,Wanted Shared Experience with Child,,,,
No,,,,My daughter needs the experience without me. But I would love to go!,Wants Child to Have Independent Experience,Wants Child to Have Independent Experience,
No,,,,"Cost, no significant discount to attend as a Parent Builder",Cost / Finances,Cost / Finances,
Yes,Child was worried about traveling alone,Love of Travel / Culture,Love of Travel / Culture,,,,
No,,,,I have other children and obligations.,Work Schedule / Time Off,Work Schedule / Time Off; Other Kids / Family at Home,
No,,,,Son is graduating,Other Life Commitment,Other Life Commitment,
No,,,,,,,
Yes,My daughter and her excitement for the trip,Wanted Shared Experience with Child,Wanted Shared Experience with Child,,,,
No,,,,I went before and it's just too long to be away from work and disconnected at this phase of life and my career.,Work Schedule / Time Off,Work Schedule / Time Off,
No,,,,"Child wanted individual trip, cost",Cost / Finances,Cost / Finances,
No,,,,Builder needs experience away from family and friends.,Other Kids / Family at Home,Other Kids / Family at Home; Wants Child to Have Independent Experience,
Yes,I really wanted to go with my son and have a great experience serving with him in another part of the world. I wished we had made it a priority to go last year so I could go with another younger son this year. We have neighbors that have taken their kids on multiple trips and they've spoken highly of it.,Wanted Shared Experience with Child,Wanted Shared Experience with Child; Previous Positive Experience,,,,
No,,,,My child didn't want me to 😂,Child Didn't Want Parent to Come,Child Didn't Want Parent to Come,
No,,,,,,,
No,,,,Cousins that have gone.,Another Family Member Going Instead,Another Family Member Going Instead,
No,,,,My son wanted to sign up on his own and have the experience without his parents-even though he loves us and we are the coolest :),Wants Child to Have Independent Experience,Wants Child to Have Independent Experience,
No,,,,"My son wanted to sign up with his friend and they didn't want their parents going-even though we are the best! Also, I had already committed to be in charge of the food at our Stake YW camp which is the same time..",Work Schedule / Time Off,Work Schedule / Time Off,
No,,,,My daughter really wanted to do this trip independent of anyone familiar,Wants Child to Have Independent Experience,Wants Child to Have Independent Experience,
No,,,,,,,
No,,,,,,,
No,,,,,,,
No,,,,Wanted him to have an experience away from home without us,Other Kids / Family at Home,Other Kids / Family at Home; Wants Child to Have Independent Experience,
No,,,,This is a trip Kate wants to go on by herself- I think it will be more meaningful to go alone.,Child Didn't Want Parent to Come,Child Didn't Want Parent to Come; Wants Child to Have Independent Experience,
No,,,,My daughter wanted to do it on her own.,Wants Child to Have Independent Experience,Wants Child to Have Independent Experience,
No,,,,To allow my daughter to have her own experience,Wants Child to Have Independent Experience,Wants Child to Have Independent Experience,
No,,,,Price and time away,Cost / Finances,Cost / Finances; Work Schedule / Time Off,
No,,,,I went last year and don't have the time this year.,Work Schedule / Time Off,Work Schedule / Time Off,
No,,,,Past kids experience,Wants Child to Have Independent Experience,Wants Child to Have Independent Experience,
No,,,,I would really like to go in the future. I am sending 3 teens this year. Finance is a part of why I am not going. And then it would be tough for me to get off work that long this year. But hopefully next year.,Cost / Finances,Cost / Finances; Work Schedule / Time Off,
Yes,,,,,,,
No,,,,I have other children,Other Kids / Family at Home,Other Kids / Family at Home,
No,,,,My husband is the parent builder so I need to stay home,Another Family Member Going Instead,Another Family Member Going Instead,
No,,,,Cost,Cost / Finances,Cost / Finances,
No,,,,wanted my child to do it on her own,Wants Child to Have Independent Experience,Wants Child to Have Independent Experience,
No,,,,Timing. Giving my son space to meet new people.,Work Schedule / Time Off,Work Schedule / Time Off,
No,,,,Time and money,Cost / Finances,Cost / Finances; Work Schedule / Time Off,
No,,,,"4 other needy children at home including a child with Autism. Work, cost etc.",Cost / Finances,Cost / Finances; Work Schedule / Time Off; Other Kids / Family at Home,
No,,,,Money and time off work,Cost / Finances,Cost / Finances; Work Schedule / Time Off,
Yes,Want to build a testimony building experience with Arin.,Wanted Shared Experience with Child,Wanted Shared Experience with Child; Faith / Service Motivation,,,,
No,,,,Time away from my younger children,Work Schedule / Time Off,Work Schedule / Time Off; Other Kids / Family at Home,
No,,,,,,,
Yes,Experience with my daughter before she graduates and service opportunity,Wanted Shared Experience with Child,Wanted Shared Experience with Child; Faith / Service Motivation,,,,
No,,,,Other kids at home,Other Kids / Family at Home,Other Kids / Family at Home,
No,,,,Logistics,Other / Uncategorized,,
No,,,,"This was for my kids I wanted them to have ""me, mom"" free time.",Work Schedule / Time Off,Work Schedule / Time Off,
No,,,,I wanted him to experience it alone,Wants Child to Have Independent Experience,Wants Child to Have Independent Experience,
No,,,,My husband is already going with my son and we felt like two parents on his trip would be overkill and costly. Bummed because it sounds amazing!,Another Family Member Going Instead,Another Family Member Going Instead,
No,,,,"Price, length of being away from other children",Cost / Finances,Cost / Finances; Other Kids / Family at Home,
No,,,,Other family at home,Other Kids / Family at Home,Other Kids / Family at Home,
No,,,,Child wanted to go alone,Wants Child to Have Independent Experience,Wants Child to Have Independent Experience,
No,,,,I wanted my child to have an experience without me so that it was special for them. I do want to go some day! I love this program so much!,Wants Child to Have Independent Experience,Wants Child to Have Independent Experience,
No,,,,I want my kids to have an experience on their own--to know that they can do hard things without me,Wants Child to Have Independent Experience,Wants Child to Have Independent Experience,
No,,,,my kid would hold back if I was there,Wants Child to Have Independent Experience,Wants Child to Have Independent Experience,
No,,,,My kids think they would get more out of their trip without a parent.,Wants Child to Have Independent Experience,Wants Child to Have Independent Experience,
No,,,,Too many other commitments right now.,Work Schedule / Time Off,Work Schedule / Time Off,
No,,,,Cost,Cost / Finances,Cost / Finances,
No,,,,I have 6 other kids at home right now,Other Kids / Family at Home,Other Kids / Family at Home,
No,,,,My kids wanted to go on their own,Wants Child to Have Independent Experience,Wants Child to Have Independent Experience,
No,,,,Other small children at home,Other Kids / Family at Home,Other Kids / Family at Home,
No,,,,new job,Work Schedule / Time Off,Work Schedule / Time Off,
No,,,,Want my daughter to have experience on her own,Wants Child to Have Independent Experience,Wants Child to Have Independent Experience,
No,,,,My child did not want a parent with her this time,Work Schedule / Time Off,Work Schedule / Time Off; Child Didn't Want Parent to Come,
No,,,,Cost,Cost / Finances,Cost / Finances,
No,,,,I totally would have but my builder said she needed to go and prepare to do things on her own.,Wants Child to Have Independent Experience,Wants Child to Have Independent Experience,
No,,,,,,,
No,,,,Time,Work Schedule / Time Off,Work Schedule / Time Off,
Yes,I initially went with my older daughter as I feel it is so important that they are exposed to the world and how blessed we are to have the luxuries and life we do. I had such a wonderful experience with her I wanted to go with my younger daughter as well.,Wanted Shared Experience with Child,Wanted Shared Experience with Child,,,,
Yes,My daughter,Family Member Was the Reason (No Elaboration),Family Member Was the Reason (No Elaboration),,,,
No,,,,Want my kid to be on his own,Wants Child to Have Independent Experience,Wants Child to Have Independent Experience,
No,,,,Our kids need an adventure without his parents.,Wants Child to Have Independent Experience,Wants Child to Have Independent Experience,
No,,,,,,,
No,,,,"She went on an HXP trip last year and loved it, so we decided to send her on another one in a warmer location.",Wants Child to Have Independent Experience,Wants Child to Have Independent Experience,
No,,,,His sister went on an HXP trip last year and he wanted to go this year and see what it is all about. Also what a great opportunity for him to go serve others.,Another Family Member Going Instead,Another Family Member Going Instead,
No,,,,Work and money. More important that our child go on these trips,Cost / Finances,Cost / Finances; Work Schedule / Time Off,
No,,,,Money,Cost / Finances,Cost / Finances,
Yes,Wanted to share the experience with my son,Wanted Shared Experience with Child,Wanted Shared Experience with Child,,,,
Yes,,,,,,,
Yes,Past parent builder testimonials,Trust in the HXP Program,Trust in the HXP Program,,,,
No,,,,"Money, time",Cost / Finances,Cost / Finances; Work Schedule / Time Off,
Yes,Don't want to send 14 year old alone to meet up,Concerned About Child Going Alone / Safety,Concerned About Child Going Alone / Safety,,,,
No,,,,They already had both parent builders needed.,Trip / Spot Was Already Full,Trip / Spot Was Already Full,
No,,,,Cost and amount of time,Cost / Finances,Cost / Finances; Work Schedule / Time Off,
No,,,,Cost and wanting my child to have an independent experience,Cost / Finances,Cost / Finances; Wants Child to Have Independent Experience,
No,,,,Time/ cost/ availability,Cost / Finances,Cost / Finances; Work Schedule / Time Off,
Yes,Wanted to have this kind of experience with my kids,Wanted Shared Experience with Child,Wanted Shared Experience with Child,,,,
No,,,,Opportunity for child to grow on own,Wants Child to Have Independent Experience,Wants Child to Have Independent Experience,
No,,,,,,,
No,,,,She doesn't want me to. Wants to be a big girl :),Child Didn't Want Parent to Come,Child Didn't Want Parent to Come,
Maybe,,,,,,,Help with the expense
No,,,,Cost,Cost / Finances,Cost / Finances,
Yes,My youth,Family Member Was the Reason (No Elaboration),Family Member Was the Reason (No Elaboration),,,,
No,,,,My child wanted to go on her own,Wants Child to Have Independent Experience,Wants Child to Have Independent Experience,
No,,,,Cost,Cost / Finances,Cost / Finances,
No,,,,Cost,Cost / Finances,Cost / Finances,
No,,,,Just have smaller kids at home but would have liked to,Other Kids / Family at Home,Other Kids / Family at Home,
No,,,,"I would've been happy to go on any other trip other than my own child. Even though it can be an incredibly bonding experience to do something like this with your child, this is uniquely, pivotal and giving my child necessary time away from home and family to really Grow and examine their selves independently.",Work Schedule / Time Off,Work Schedule / Time Off; Other Kids / Family at Home; Wants Child to Have Independent Experience,
No,,,,Builders choice,Wants Child to Have Independent Experience,Wants Child to Have Independent Experience,
No,,,,Money and choosing which of my two girls to go with.,Cost / Finances,Cost / Finances,
No,,,,Money and choosing between my girls,Cost / Finances,Cost / Finances,
No,,,,I went last year and loved it. I will go again next year.,Other / Uncategorized,,
Yes,Husband went with older 2 kids. Now it's my turn!,Previous Positive Experience,Previous Positive Experience,,,,
No,,,,,,,
No,,,,"Time away from family, work, and calling",Work Schedule / Time Off,Work Schedule / Time Off; Other Kids / Family at Home,
No,,,,older sibling went and had a great experience.,Other Kids / Family at Home,Other Kids / Family at Home; Wants Child to Have Independent Experience,
No,,,,My son wanted an experience without me,Wants Child to Have Independent Experience,Wants Child to Have Independent Experience,
No,,,,Want my child to have an experience without her parents,Wants Child to Have Independent Experience,Wants Child to Have Independent Experience,
No,,,,"I tried, but there wasn't a spot available for me to go.",Work Schedule / Time Off,Work Schedule / Time Off,
No,,,,Price. Just can't afford to send two of us,Cost / Finances,Cost / Finances,
Yes,Spending time with my son and being able to give to others.,Wanted Shared Experience with Child,Wanted Shared Experience with Child,,,,
Yes,Wanted to open a spot for my son,Securing/Ensuring Child's Spot (Registration Timing),Securing/Ensuring Child's Spot (Registration Timing),,,,
No,,,,Wanted our daughter to have her own experience.,Wants Child to Have Independent Experience,Wants Child to Have Independent Experience,
No,,,,money and time,Cost / Finances,Cost / Finances; Work Schedule / Time Off,
No,,,,My child prefers I didn't go,Child Didn't Want Parent to Come,Child Didn't Want Parent to Come,
No,,,,time,Work Schedule / Time Off,Work Schedule / Time Off,
No,,,,It's too expensive to send a kid and a parent builder! Especially since the trips are more this year.,Cost / Finances,Cost / Finances,
No,,,,I think he needs this experience on his own without Mom and Dad there.,Wants Child to Have Independent Experience,Wants Child to Have Independent Experience,
Yes,We sent an older daughter a few years ago. Ever since then I have felt very strongly that I am supposed to go with the daughter I'm going with this year. I guess my answer is The Spirit. Everything in my life right now except for The Spirit says this is a bad idea. I have no doubt it's the right idea.,Faith / Service Motivation,Faith / Service Motivation,,,,
No,,,,busy work schedule and no one asked.,Work Schedule / Time Off,Work Schedule / Time Off,
No,,,,My son needed independence,Wants Child to Have Independent Experience,Wants Child to Have Independent Experience,
No,,,,Time off,Work Schedule / Time Off,Work Schedule / Time Off,
No,,,,Work demands,Work Schedule / Time Off,Work Schedule / Time Off,
No,,,,Cost,Cost / Finances,Cost / Finances,
Yes,"Time with my son, experience the adventure and opportunity myself, and the ability to learn and grow from such awesome youth",Wanted Shared Experience with Child,Wanted Shared Experience with Child; Love of Travel / Culture,,,,
No,,,,,,,
No,,,,My child needed to go do something without his parent,Wants Child to Have Independent Experience,Wants Child to Have Independent Experience,
No,,,,Too many young kids at home,Other Kids / Family at Home,Other Kids / Family at Home,
No,,,,Previous builder t,Other / Uncategorized,,
No,,,,Not enough money to send me and my daughter,Cost / Finances,Cost / Finances,
No,,,,friends and family have been before,Another Family Member Going Instead,Another Family Member Going Instead,
No,,,,My son didn't want us to go with him.,Child Didn't Want Parent to Come,Child Didn't Want Parent to Come,
No,,,,,,,
No,,,,"Couldn't get time off, expense",Cost / Finances,Cost / Finances; Work Schedule / Time Off,
No,,,,,,,
No,,,,My son wants to go alone,Wants Child to Have Independent Experience,Wants Child to Have Independent Experience,
No,,,,time,Work Schedule / Time Off,Work Schedule / Time Off,
No,,,,Time and money,Cost / Finances,Cost / Finances; Work Schedule / Time Off,
Maybe,,,,,,,Finding childcare for my younger kids not on the trip
No,,,,"I went last year and so did my husband, so my daughter wanted to experience it all on her own this year. I would love to next year!",Wants Child to Have Independent Experience,Wants Child to Have Independent Experience,
No,,,,kids at home,Other Kids / Family at Home,Other Kids / Family at Home,
No,,,,,,,
No,,,,Other kids at home and planned activities,Other Kids / Family at Home,Other Kids / Family at Home,
Yes,My daughter,Family Member Was the Reason (No Elaboration),Family Member Was the Reason (No Elaboration),,,,
No,,,,,,,
Yes,Prayer,Faith / Service Motivation,Faith / Service Motivation,,,,
No,,,,My job,Work Schedule / Time Off,Work Schedule / Time Off,
No,,,,,,,
Yes,,,,,,,
No,,,,Money. :( I would love to in the future if I can ever afford it!!!!! I want to so bad! :) I went to Tonga as a parent several years ago for my youngest sister and it was such an amazing experience! I have eagerly awaited for my kids to have this experience!!!,Cost / Finances,Cost / Finances; Wants Child to Have Independent Experience,
No,,,,Smaller kids at home,Other Kids / Family at Home,Other Kids / Family at Home,
No,,,,Cost/time,Cost / Finances,Cost / Finances; Work Schedule / Time Off,
No,,,,,,,
No,,,,"Younger kids at home, and also wanting my son to have this experience independently",Other Kids / Family at Home,Other Kids / Family at Home; Wants Child to Have Independent Experience,
No,,,,too hard to leave the other children at home for that length of time,Work Schedule / Time Off,Work Schedule / Time Off; Other Kids / Family at Home,
No,,,,,,,
No,,,,My child said they wanted this to be an independent experience :(,Wants Child to Have Independent Experience,Wants Child to Have Independent Experience,
No,,,,Price,Cost / Finances,Cost / Finances,
No,,,,My criterion is to help my daughter increase autonomy.,Wants Child to Have Independent Experience,Wants Child to Have Independent Experience,
No,,,,Cost and I think my daughter would do better without me there.,Cost / Finances,Cost / Finances; Wants Child to Have Independent Experience,
No,,,,just not a traveler,Not a Traveler / Personal Preference,Not a Traveler / Personal Preference,
No,,,,Time commitment,Work Schedule / Time Off,Work Schedule / Time Off,
No,,,,Money and work,Cost / Finances,Cost / Finances; Work Schedule / Time Off,
No,,,,We couldn't get time off work and other family responsibilities.,Work Schedule / Time Off,Work Schedule / Time Off,
No,,,,"Our son didn't want us too, otherwise we would have gone",Child Didn't Want Parent to Come,Child Didn't Want Parent to Come,
No,,,,,,,
No,,,,,,,
Yes,Not willing to let my child leave the country without me :),Concerned About Child Going Alone / Safety,Concerned About Child Going Alone / Safety,,,,
No,,,,my child wanted an experience independent of me,Wants Child to Have Independent Experience,Wants Child to Have Independent Experience,
No,,,,"other kids at home. I travel a lot myself, but don't think my kids would want me to be there. I'd like them to have their own experience",Other Kids / Family at Home,Other Kids / Family at Home; Wants Child to Have Independent Experience,
No,,,,Cost; Work commitments,Cost / Finances,Cost / Finances; Work Schedule / Time Off,
No,,,,No time off work.,Work Schedule / Time Off,Work Schedule / Time Off,
Yes,My husband went last year with our daughter and had a great experience.,Wanted Shared Experience with Child,Wanted Shared Experience with Child; Previous Positive Experience,,,,
No,,,,"Work schedule, price, health.",Cost / Finances,Cost / Finances; Work Schedule / Time Off; Health / Physical / Age,
No,,,,"Work, price, health",Cost / Finances,Cost / Finances; Work Schedule / Time Off; Health / Physical / Age,
No,,,,Kids at home,Other Kids / Family at Home,Other Kids / Family at Home,
No,,,,"Didn't know it was an option, but I want our child to go solo anyway.",Wants Child to Have Independent Experience,Wants Child to Have Independent Experience; Not Aware It Was an Option,
Maybe,,,,,,,Maybe with one of my next kids as the younger ones get older.
No,,,,"Money and my other 4 kids at home, also I did want my daughter to experience not having me around",Cost / Finances,Cost / Finances; Other Kids / Family at Home; Wants Child to Have Independent Experience,
Yes,My daughter,Family Member Was the Reason (No Elaboration),Family Member Was the Reason (No Elaboration),,,,
No,,,,Other obligations,Work Schedule / Time Off,Work Schedule / Time Off,
No,,,,cost and work obligations,Cost / Finances,Cost / Finances; Work Schedule / Time Off,
Maybe,,,,,,,Not sure
No,,,,,,,
No,,,,My daughter didn't want me to! 🤣,Child Didn't Want Parent to Come,Child Didn't Want Parent to Come,
No,,,,,,,
No,,,,I couldn't afford it.,Cost / Finances,Cost / Finances,
Yes,Previous children and wife went to HXP and I love the whole mission and vision of HCP,Previous Positive Experience,Previous Positive Experience; Faith / Service Motivation,,,,
No,,,,We will be out of town,Other Life Commitment,Other Life Commitment,
Yes,The great experience that you guys provide the leadership that you have and the opportunity to help the youth experience another culture,Wanted Shared Experience with Child,Wanted Shared Experience with Child; Love of Travel / Culture,,,,
Maybe,,,,,,,I don't know much about it. I would need more info
No,,,,Price,Cost / Finances,Cost / Finances,
No,,,,Cost,Cost / Finances,Cost / Finances,
No,,,,She was so excited to do a trip by herself,Child Didn't Want Parent to Come,Child Didn't Want Parent to Come,
No,,,,My son :),Family's Own Choice (No Elaboration),Family's Own Choice (No Elaboration),
No,,,,,,,
No,,,,work,Work Schedule / Time Off,Work Schedule / Time Off,
Yes,Husband went last year with our daughter.,Previous Positive Experience,Previous Positive Experience,,,,
No,,,,I wanted my builder to have a more personal experience,Wants Child to Have Independent Experience,Wants Child to Have Independent Experience,
No,,,,child wanted the independence,Wants Child to Have Independent Experience,Wants Child to Have Independent Experience,
No,,,,Home schedule too busy,Work Schedule / Time Off,Work Schedule / Time Off,
No,,,,She wanted to go on her own and experience some independance,Wants Child to Have Independent Experience,Wants Child to Have Independent Experience,
No,,,,"Our daughter needed to experience this growth on her own, but we will miss her like crazy",Wants Child to Have Independent Experience,Wants Child to Have Independent Experience,
No,,,,My kids what to have their own experience,Wants Child to Have Independent Experience,Wants Child to Have Independent Experience,
Yes,Always wanted to do a humanitarian trip,Faith / Service Motivation,Faith / Service Motivation,,,,
No,,,,Cost,Cost / Finances,Cost / Finances,
No,,,,I can't take that much time off of work.,Work Schedule / Time Off,Work Schedule / Time Off,
No,,,,My son's preference & husbands work schedule,Work Schedule / Time Off,Work Schedule / Time Off,
No,,,,I already went with another child. I would love to go again. It's just a lot of money to send two people.,Cost / Finances,Cost / Finances; Other Kids / Family at Home,
No,,,,The price and too many kids at home,Cost / Finances,Cost / Finances; Other Kids / Family at Home,
No,,,,,,,
No,,,,My child needs this experience independent of me.,Wants Child to Have Independent Experience,Wants Child to Have Independent Experience,
No,,,,My son didn't want me to! :),Child Didn't Want Parent to Come,Child Didn't Want Parent to Come,
No,,,,My daughter wanted to go alone,Wants Child to Have Independent Experience,Wants Child to Have Independent Experience,
No,,,,price,Cost / Finances,Cost / Finances,
No,,,,too much going on at home,Work Schedule / Time Off,Work Schedule / Time Off,
No,,,,,,,
No,,,,Can't take off work for that long/leave the younger kuds,Work Schedule / Time Off,Work Schedule / Time Off; Other Kids / Family at Home,
No,,,,Cost,Cost / Finances,Cost / Finances,
No,,,,Money and time,Cost / Finances,Cost / Finances; Work Schedule / Time Off,
No,,,,I am in school and don't have the time,Work Schedule / Time Off,Work Schedule / Time Off,
No,,,,Other children at home to take care of,Other Kids / Family at Home,Other Kids / Family at Home,
Yes,Gone in the past. going this year but to WV with another son (not Kenya),Previous Positive Experience,Previous Positive Experience,,,,
No,,,,Unable to commit for that long due to other obligations,Work Schedule / Time Off,Work Schedule / Time Off; Other Kids / Family at Home,
No,,,,I'd like my child to branch out without me there. I think she'd stuck by my side and not have a full experience that she would without me.,Wants Child to Have Independent Experience,Wants Child to Have Independent Experience,
No,,,,"We are very involved with our child's activities at home & school and we want him to have the opportunity to have independent travel, cultural and spiritual experiences ...I know my husband and I would love being Parent Builders :(",Other Kids / Family at Home,Other Kids / Family at Home; Wants Child to Have Independent Experience,
No,,,,Wanted my son to have experience with new friends and not a patent,Wants Child to Have Independent Experience,Wants Child to Have Independent Experience,
No,,,,My husband is going with my son!,Another Family Member Going Instead,Another Family Member Going Instead,
Yes,My child invited me,Child/Spouse Asked Them to Go,Child/Spouse Asked Them to Go,,,,
No,,,,,,,
No,,,,Daughter didn't want me to go,Child Didn't Want Parent to Come,Child Didn't Want Parent to Come,
No,,,,"My own health and for my husband, the inability to take off that amount of time from work",Work Schedule / Time Off,Work Schedule / Time Off; Health / Physical / Age,
No,,,,I have no extra time,Work Schedule / Time Off,Work Schedule / Time Off,
No,,,,Other children,Other Kids / Family at Home,Other Kids / Family at Home,
No,,,,So my daughter could have her own unique experience,Wants Child to Have Independent Experience,Wants Child to Have Independent Experience,
Yes,"Help my 14 year old, bonding experience",Wanted Shared Experience with Child,Wanted Shared Experience with Child,,,,
No,,,,Money,Cost / Finances,Cost / Finances,
No,,,,Money,Cost / Finances,Cost / Finances,
No,,,,Give my son space to have his own experience,Wants Child to Have Independent Experience,Wants Child to Have Independent Experience,
No,,,,Time and cost,Cost / Finances,Cost / Finances; Work Schedule / Time Off,
No,,,,Other children at home,Other Kids / Family at Home,Other Kids / Family at Home,
Yes,My daughter,Family Member Was the Reason (No Elaboration),Family Member Was the Reason (No Elaboration),,,,
No,,,,I have 5 kids and two of them are younger than Kindergarten,Other Kids / Family at Home,Other Kids / Family at Home,
No,,,,,,,
No,,,,Timing- otherwise I'd love to go - wanted my child to have their own experience independent from me,Work Schedule / Time Off,Work Schedule / Time Off; Wants Child to Have Independent Experience,
No,,,,I couldn't be away from work for that long and my child didn't care if I was there or not.,Work Schedule / Time Off,Work Schedule / Time Off; Other Kids / Family at Home,
No,,,,We think our son will have a better experience with out us there,Wants Child to Have Independent Experience,Wants Child to Have Independent Experience,
No,,,,,,,
No,,,,,,,
No,,,,My daughter didn't care if I went; hard to take off work for 3 weeks.,Work Schedule / Time Off,Work Schedule / Time Off,
No,,,,"Because of other travel plans, I would've been out of town for longer than a month, which I'm not able to do.",Other Life Commitment,Other Life Commitment,
No,,,,Kids at home,Other Kids / Family at Home,Other Kids / Family at Home,
No,,,,My child didn't want me along,Child Didn't Want Parent to Come,Child Didn't Want Parent to Come,
No,,,,Past Experiences,Other / Uncategorized,,
No,,,,"This summer, I'm unable to with my younger son at home. I would love to go along with him in the future when he goes, though!",Other Kids / Family at Home,Other Kids / Family at Home,
No,,,,Time and wanting my bullder to have their own experience,Work Schedule / Time Off,Work Schedule / Time Off; Wants Child to Have Independent Experience,
No,,,,Wanted daughter to have a solo experience,Wants Child to Have Independent Experience,Wants Child to Have Independent Experience,
No,,,,Wanted him to grow,Wants Child to Have Independent Experience,Wants Child to Have Independent Experience,
No,,,,It was full.,Trip / Spot Was Already Full,Trip / Spot Was Already Full,
No,,,,"My husband served his mission in Ecuador, and speaks Spanish fluently so it would make sense for him to be the one to go. But our son would have hung out with him most of the time rather than having to put himself out there and get to know people. It would have changed his dynamic and we wanted him to have the experience on his own. It's also a long time to be gone from work and other kids.",Work Schedule / Time Off,Work Schedule / Time Off; Other Kids / Family at Home; Wants Child to Have Independent Experience; Other Life Commitment,
Yes,Having gone on a previous trip,Previous Positive Experience,Previous Positive Experience,,,,
No,,,,Wanted to give my son space to have his own experience,Wants Child to Have Independent Experience,Wants Child to Have Independent Experience,
No,,,,,,,
No,,,,practicality of leaving my family for 3 weeks,Other Kids / Family at Home,Other Kids / Family at Home,
No,,,,Let our child have his own experience,Wants Child to Have Independent Experience,Wants Child to Have Independent Experience,
No,,,,Other Extended Family went last year,Another Family Member Going Instead,Another Family Member Going Instead,
No,,,,Just time commitments.,Work Schedule / Time Off,Work Schedule / Time Off,
No,,,,I am a trip leader for a different experience with my daughter this summer,Wants Child to Have Independent Experience,Wants Child to Have Independent Experience; Other Life Commitment,
No,,,,Cost,Cost / Finances,Cost / Finances,
No,,,,other younger children,Other Kids / Family at Home,Other Kids / Family at Home,
No,,,,,,,
No,,,,My daughter wanted to go alone.,Wants Child to Have Independent Experience,Wants Child to Have Independent Experience,
No,,,,I have younger children,Other Kids / Family at Home,Other Kids / Family at Home,
Yes,"time with my daughter, doing something for others",Wanted Shared Experience with Child,Wanted Shared Experience with Child,,,,
No,,,,My son wants to have an experience on his own.,Wants Child to Have Independent Experience,Wants Child to Have Independent Experience,
No,,,,my daughter wanted to do this independently,Wants Child to Have Independent Experience,Wants Child to Have Independent Experience,
Maybe,,,,,,,Free time
Yes,"spend time with my son, build memories together and watch him grow.",Wanted Shared Experience with Child,Wanted Shared Experience with Child,,,,
No,,,,I wanted my daughter to experience it without me!,Wants Child to Have Independent Experience,Wants Child to Have Independent Experience,
No,,,,Daughter wanted to have her own adventure,Child Didn't Want Parent to Come,Child Didn't Want Parent to Come,
Maybe,,,,,,,Finances and logistics with other children/husband.
No,,,,Busy with other kids,Work Schedule / Time Off,Work Schedule / Time Off; Other Kids / Family at Home,
No,,,,My child wanted to gain confidence and independence on this first trip. I'd love to go in the future.,Wants Child to Have Independent Experience,Wants Child to Have Independent Experience,
No,,,,I didn't want a competition in relationship building.,Other / Uncategorized,,
No,,,,Don't know anyone who has done it personally so wasn't able to hear what to expect.,Not Aware It Was an Option,Not Aware It Was an Option,
No,,,,Time,Work Schedule / Time Off,Work Schedule / Time Off,
No,,,,Too busy with other kids at home.,Work Schedule / Time Off,Work Schedule / Time Off; Other Kids / Family at Home,
No,,,,I have younger kids at home,Other Kids / Family at Home,Other Kids / Family at Home,
No,,,,Cost & scheduling conflict,Cost / Finances,Cost / Finances; Work Schedule / Time Off,
No,,,,"We want our son to have an experience without us. We are viewing this as mission prep - doing things on his own, finding solutions to problems, showing grit and flexibility, etc.",Wants Child to Have Independent Experience,Wants Child to Have Independent Experience; Other Life Commitment,
No,,,,Money and obligations at home,Cost / Finances,Cost / Finances; Work Schedule / Time Off,
No,,,,Time off work,Work Schedule / Time Off,Work Schedule / Time Off,
No,,,,Norhing,Not Aware It Was an Option,Not Aware It Was an Option,
No,,,,The cost,Cost / Finances,Cost / Finances,
No,,,,My child wants to meet new people on his own.,Wants Child to Have Independent Experience,Wants Child to Have Independent Experience,
No,,,,My daughter wanted to go alone. Her dad went the last time with another daughter.,Work Schedule / Time Off,Work Schedule / Time Off; Another Family Member Going Instead; Wants Child to Have Independent Experience,
No,,,,"Work conflict, wanted my builder to go on their own",Work Schedule / Time Off,Work Schedule / Time Off; Wants Child to Have Independent Experience,
No,,,,,,,
No,,,,"It is difficult with my schedule for me to go. Additoinally, my kids wanted to have this opporunity to ""spread their wings"" and be more independent without my wife or me there.",Work Schedule / Time Off,Work Schedule / Time Off; Wants Child to Have Independent Experience,
No,,,,This an experience my kid wanted to have on his own.,Wants Child to Have Independent Experience,Wants Child to Have Independent Experience,
No,,,,I felt this was a great growing experiance for my daughter that to do on her own before college.,Wants Child to Have Independent Experience,Wants Child to Have Independent Experience,
No,,,,Money,Cost / Finances,Cost / Finances,
Yes,My husband and I decided to take turns going with our boys on these trips when we first heard about HEFY years ago and have been saving to do so since then.,Previous Positive Experience,Previous Positive Experience,,,,
No,,,,"Too many other vacations on the calendar already. Daughter wanted it to be an ""independent"" experience w/o parents",Work Schedule / Time Off,Work Schedule / Time Off; Wants Child to Have Independent Experience,
No,,,,Not able for many reasons,Other / Uncategorized,,
No,,,,Can't get time off work,Work Schedule / Time Off,Work Schedule / Time Off,
No,,,,"Money and time. Also, our daughter needs an experience on her own without family.",Cost / Finances,Cost / Finances; Work Schedule / Time Off; Wants Child to Have Independent Experience,
No,,,,"The added expense. Sending a child was expense enough, we could not double the expense. One parent is needed to stay home. The other does not have paid vacation, making the trip even more expensive with the lost income.",Cost / Finances,Cost / Finances; Work Schedule / Time Off,
No,,,,We want our son to experience HXP on his own. We think it will be good for him.,Wants Child to Have Independent Experience,Wants Child to Have Independent Experience,
No,,,,We would have loved to go but we were moving 1/2 way across the country the same time.,Work Schedule / Time Off,Work Schedule / Time Off; Other Life Commitment,
No,,,,money,Cost / Finances,Cost / Finances,
No,,,,"My son went last year and he likes being on his own. He would have been fine having us go, but I think he likes the independence.",Wants Child to Have Independent Experience,Wants Child to Have Independent Experience,
No,,,,My builder didn't want me on the trip,Child Didn't Want Parent to Come,Child Didn't Want Parent to Come,
No,,,,$$$,Cost / Finances,Cost / Finances,
No,,,,Too many younger kids at home still,Other Kids / Family at Home,Other Kids / Family at Home,
No,,,,Expense,Cost / Finances,Cost / Finances,
No,,,,I hope my child will have a positive experience away from home and independent from me.,Other Kids / Family at Home,Other Kids / Family at Home; Wants Child to Have Independent Experience,
No,,,,Money,Cost / Finances,Cost / Finances,
No,,,,Timing,Work Schedule / Time Off,Work Schedule / Time Off,
No,,,,My husband and I have both been a parent builder for this child and she wanted to go on her own this year,Wants Child to Have Independent Experience,Wants Child to Have Independent Experience,
No,,,,Just no time to take off work this year I would LOVE to I. The future if I can make it woek,Work Schedule / Time Off,Work Schedule / Time Off,
No,,,,,,,
Yes,Need and my daughter said it was okay,Other / Uncategorized,,,,,
No,,,,"Work, ill probably go later",Work Schedule / Time Off,Work Schedule / Time Off,
No,,,,,,,
No,,,,Cost,Cost / Finances,Cost / Finances,
No,,,,Family responsibilities at home and builder wants an independent experience,Work Schedule / Time Off,Work Schedule / Time Off; Wants Child to Have Independent Experience,
No,,,,Unable to get that much time off of work.,Work Schedule / Time Off,Work Schedule / Time Off,
No,,,,I just need my other kids to be older or I'd be there in a heartbeat!,Other Kids / Family at Home,Other Kids / Family at Home,
No,,,,Allow my daughter time and growth Independent of parents,Work Schedule / Time Off,Work Schedule / Time Off; Wants Child to Have Independent Experience,
No,,,,,,,
Yes,,,,,,,
Yes,Wanting to experience some of the things they have experienced with their previous trips. This is also my youngest and so last opportunity.,Wanted Shared Experience with Child,Wanted Shared Experience with Child; Previous Positive Experience,,,,
No,,,,"Brighton did not want either of us to go, he wanted to go on his own. He wanted an experience on his own before he goes on his mission in a year.",Wants Child to Have Independent Experience,Wants Child to Have Independent Experience; Other Life Commitment,
No,,,,"Money, but would love to go in the future",Cost / Finances,Cost / Finances,
Yes,I have always wanted to do something like this.,Other / Uncategorized,,,,,
No,,,,Time and money. I would love to go at some point.,Cost / Finances,Cost / Finances; Work Schedule / Time Off,
No,,,,,,,
No,,,,We wanted our kids to have the opportunity to go parent free,Wants Child to Have Independent Experience,Wants Child to Have Independent Experience,
No,,,,"I travelled on humanitarian trips when I was young, without my parents. This was an incredible time for me to grow. I want the same for my daughter.",Work Schedule / Time Off,Work Schedule / Time Off; Wants Child to Have Independent Experience,
No,,,,,,,
No,,,,Other children at home,Other Kids / Family at Home,Other Kids / Family at Home,
No,,,,Other kids are too young planning on going when they're older.,Other Kids / Family at Home,Other Kids / Family at Home,
No,,,,Daughter wanted to go alone,Wants Child to Have Independent Experience,Wants Child to Have Independent Experience,
No,,,,I've been a parent builder twice before and my daughter wants to go without me 😂,Wants Child to Have Independent Experience,Wants Child to Have Independent Experience,
No,,,,Having other children at home,Other Kids / Family at Home,Other Kids / Family at Home,
Maybe,,,,,,,I would've loved to go on this one. My daughter wasn't as excited when we were signing up! But now she wishes I were going! 😂
No,,,,I don't have enough vacation time from work,Work Schedule / Time Off,Work Schedule / Time Off,
No,,,,Younger kids at home.,Other Kids / Family at Home,Other Kids / Family at Home,
Yes,I want my children and other teens to realize that they can do hard things and that serving others is what brings us pure Joy. I loved the previous trips that I've gone with my other children.,Previous Positive Experience,Previous Positive Experience,,,,
Yes,Previous experiences with family and friends going,Wanted Shared Experience with Child,Wanted Shared Experience with Child; Previous Positive Experience,,,,
No,,,,,,,
No,,,,Other children at home and job,Work Schedule / Time Off,Work Schedule / Time Off; Other Kids / Family at Home,
No,,,,Cost. I would do a heartbeat! It's actually my dream.,Cost / Finances,Cost / Finances,
No,,,,Cost,Cost / Finances,Cost / Finances,
Yes,Just wanted to serve 🤍,Faith / Service Motivation,Faith / Service Motivation,,,,
No,,,,,,,
No,,,,Financial,Cost / Finances,Cost / Finances,
No,,,,,,,
Maybe,,,,,,,Not sure
Maybe,,,,,,,
No,,,,I would have loved to go but my brother in law wanted to go with my daughter,Another Family Member Going Instead,Another Family Member Going Instead,
Yes,My builder.,Family Member Was the Reason (No Elaboration),Family Member Was the Reason (No Elaboration),,,,
Yes,Time with my child,Wanted Shared Experience with Child,Wanted Shared Experience with Child,,,,
Yes,Wanted a meaningful experience serving with my son,Wanted Shared Experience with Child,Wanted Shared Experience with Child,,,,
No,,,,I want my son to have an experience without me to grow.,Wants Child to Have Independent Experience,Wants Child to Have Independent Experience,
Maybe,,,,,,,My kids grew out of the age range for builders
No,,,,"I have been twice as a parent builder. My husband called ""dibs"" for this trip.",Another Family Member Going Instead,Another Family Member Going Instead,
No,,,,Kids at home,Other Kids / Family at Home,Other Kids / Family at Home,
No,,,,,,,
No,,,,Small kids at home I can't leave,Other Kids / Family at Home,Other Kids / Family at Home,
No,,,,What her to have independence,Wants Child to Have Independent Experience,Wants Child to Have Independent Experience,
No,,,,I have younger kids at home that I couldn't leave for that long. And work.,Work Schedule / Time Off,Work Schedule / Time Off; Other Kids / Family at Home,
No,,,,I wanted my daughter to have this experience on her own.,Wants Child to Have Independent Experience,Wants Child to Have Independent Experience,
No,,,,Our daughter asked to go on this trip alone without depending on us otherwise I for sure would have gone,Wants Child to Have Independent Experience,Wants Child to Have Independent Experience,
No,,,,I don't have time plus the expenses,Work Schedule / Time Off,Work Schedule / Time Off,
No,,,,I want my child to have this experience away from home on his own in preparation for college/mission,Other Kids / Family at Home,Other Kids / Family at Home; Wants Child to Have Independent Experience; Other Life Commitment,
No,,,,,,,
Yes,Time with my kid,Wanted Shared Experience with Child,Wanted Shared Experience with Child,,,,
No,,,,Time off.,Work Schedule / Time Off,Work Schedule / Time Off,
No,,,,"Cost, availability",Cost / Finances,Cost / Finances; Work Schedule / Time Off,
No,,,,,,,
No,,,,"Mostly, because she would lean on me too much if I was there. Plus I have other responsibilities at home.",Work Schedule / Time Off,Work Schedule / Time Off,
No,,,,Cost and time away from work.,Cost / Finances,Cost / Finances; Work Schedule / Time Off,
No,,,,Amount of time I would need to take off work and physical limitations,Work Schedule / Time Off,Work Schedule / Time Off; Health / Physical / Age,
No,,,,Other commitments,Work Schedule / Time Off,Work Schedule / Time Off,
No,,,,I want my child to have an independent experience without a parent there.,Wants Child to Have Independent Experience,Wants Child to Have Independent Experience,
No,,,,Time,Work Schedule / Time Off,Work Schedule / Time Off,
No,,,,She tends to lean on me when I'm present. She is excited to do it alone.,Wants Child to Have Independent Experience,Wants Child to Have Independent Experience,
No,,,,I was unavailable and it's expensive to pay for 2 trips,Cost / Finances,Cost / Finances; Work Schedule / Time Off,
No,,,,"time away from work, plus added cost",Cost / Finances,Cost / Finances; Work Schedule / Time Off,
No,,,,Work,Work Schedule / Time Off,Work Schedule / Time Off,
No,,,,My daughter preferred to go on her own,Wants Child to Have Independent Experience,Wants Child to Have Independent Experience,
No,,,,I know my daughter will do best without me there!,Wants Child to Have Independent Experience,Wants Child to Have Independent Experience,
No,,,,I've been before and I wanted my daughter to have the experience sans parent.,Wants Child to Have Independent Experience,Wants Child to Have Independent Experience,
No,,,,My child specifically said she wanted to go by herself,Child Didn't Want Parent to Come,Child Didn't Want Parent to Come,
No,,,,"too much time off of work, wanted to give my son his space to experience without parent along",Work Schedule / Time Off,Work Schedule / Time Off; Wants Child to Have Independent Experience,
No,,,,My Job,Work Schedule / Time Off,Work Schedule / Time Off,
No,,,,Cost,Cost / Finances,Cost / Finances,
Maybe,,,,,,,Care for my children I leave at home. :)
No,,,,I think my children would prefer the experience independent of a parent. Didn't want to spend the money.,Cost / Finances,Cost / Finances; Wants Child to Have Independent Experience,
No,,,,seeing friends go,Other / Uncategorized,,
No,,,,Nothing. Did not consider it,Not Aware It Was an Option,Not Aware It Was an Option,
Maybe,,,,,,,Knowing the dates you need help so I can get work off
No,,,,My other kids went and they had a positive experience.,Other Kids / Family at Home,Other Kids / Family at Home; Wants Child to Have Independent Experience,
Yes,great experiences with my other two girls. and my daughter asked me to go with her,Wanted Shared Experience with Child,Wanted Shared Experience with Child; Child/Spouse Asked Them to Go,,,,
No,,,,Cost of paying for both parent and builder and I wanted my kid to have an experience without me,Cost / Finances,Cost / Finances; Wants Child to Have Independent Experience,
Maybe,,,,,,,Cost
No,,,,Want our son to have an individual experience without us there :),Wants Child to Have Independent Experience,Wants Child to Have Independent Experience,
No,,,,Time commitment. Child didn't want her parents to come.,Work Schedule / Time Off,Work Schedule / Time Off,
No,,,,Money!,Cost / Finances,Cost / Finances,
No,,,,Cost,Cost / Finances,Cost / Finances,
No,,,,"time off work, family obligations",Work Schedule / Time Off,Work Schedule / Time Off,
No,,,,Work,Work Schedule / Time Off,Work Schedule / Time Off,
No,,,,I really wanted to go and kind of begged my daughter. But she has never traveled alone and wanted to do this one by herself. CRYING FACE EMOJI!!,Child Didn't Want Parent to Come,Child Didn't Want Parent to Come; Wants Child to Have Independent Experience,
No,,,,I have a 12 year old son who is staying with me at home,Other Kids / Family at Home,Other Kids / Family at Home,
No,,,,Unavailable due to other children's schedules,Work Schedule / Time Off,Work Schedule / Time Off; Other Kids / Family at Home,
No,,,,younger kids at home,Other Kids / Family at Home,Other Kids / Family at Home,
No,,,,My daughter wanted to go alone so she could experience it as a mini-mission growing experience.,Wants Child to Have Independent Experience,Wants Child to Have Independent Experience; Other Life Commitment,
Maybe,,,,,,,Funds and next child's desire to go
No,,,,Funds,Cost / Finances,Cost / Finances,
No,,,,Time and Cost,Cost / Finances,Cost / Finances; Work Schedule / Time Off,
No,,,,Other children at home.,Other Kids / Family at Home,Other Kids / Family at Home,
No,,,,"money, could only afford to send my kid.",Cost / Finances,Cost / Finances,
No,,,,Younger kids at home that need me,Other Kids / Family at Home,Other Kids / Family at Home,
No,,,,It's a good experience for my son without me there,Wants Child to Have Independent Experience,Wants Child to Have Independent Experience,
No,,,,I don't have time and didn't want to pay for myself.,Work Schedule / Time Off,Work Schedule / Time Off,
No,,,,Time,Work Schedule / Time Off,Work Schedule / Time Off,
No,,,,My son doesn't want me to,Child Didn't Want Parent to Come,Child Didn't Want Parent to Come,
No,,,,Child care,Other Kids / Family at Home,Other Kids / Family at Home,
Yes,Spending time with my child,Wanted Shared Experience with Child,Wanted Shared Experience with Child,,,,
Yes,We've gone previously and have had a great experience with it.,Wanted Shared Experience with Child,Wanted Shared Experience with Child; Previous Positive Experience,,,,
No,,,,"I have other children to care for, but plan to go next year!",Other Kids / Family at Home,Other Kids / Family at Home,
No,,,,"She's a mommas girl so I decided it would be better for her to experience it on her own, if for sure go with my son in a few years though",Wants Child to Have Independent Experience,Wants Child to Have Independent Experience,
No,,,,My daughter/builder wanted this experience on her own.,Wants Child to Have Independent Experience,Wants Child to Have Independent Experience,
No,,,,cost,Cost / Finances,Cost / Finances,
No,,,,Money,Cost / Finances,Cost / Finances,
No,,,,Wanted my son to have his own experience. although I'd love to go as a parent builder with a different group,Wants Child to Have Independent Experience,Wants Child to Have Independent Experience,
No,,,,Time away from other kids and cost of trip,Cost / Finances,Cost / Finances; Work Schedule / Time Off; Other Kids / Family at Home,
No,,,,Not in the budget right now.,Cost / Finances,Cost / Finances,
No,,,,I'm not comfortable in positions like that,Not a Traveler / Personal Preference,Not a Traveler / Personal Preference,
Yes,We've tried to do something like this with our older 3 kids and I wanted to go to this with Addie.,Other / Uncategorized,,,,,
No,,,,The cost.,Cost / Finances,Cost / Finances,
No,,,,My son will open up more when I'm not there.,Wants Child to Have Independent Experience,Wants Child to Have Independent Experience,
No,,,,I want my son to have this spiritual experience on his own. But I'm so jealous. I'd love to be there.,Wants Child to Have Independent Experience,Wants Child to Have Independent Experience,
No,,,,Give my kid independence,Wants Child to Have Independent Experience,Wants Child to Have Independent Experience,
Yes,Getting my daughter to go & just overall experience.,Wanted Shared Experience with Child,Wanted Shared Experience with Child,,,,
No,,,,Can't miss 3 weeks of work,Work Schedule / Time Off,Work Schedule / Time Off,
Yes,"The videos I watched on youtube from other Parent builders about their experience, one video they shared how the trip made them closer together and to know each other more than just a mom and son but as an individual. those videos trully influenced my decision",Wanted Shared Experience with Child,Wanted Shared Experience with Child,,,,
No,,,,No PTO available,Work Schedule / Time Off,Work Schedule / Time Off,
No,,,,Cost. I want my kids to be independent,Cost / Finances,Cost / Finances; Wants Child to Have Independent Experience,
No,,,,Cost and duration of the trip is too long to leave younger children at home,Cost / Finances,Cost / Finances; Other Kids / Family at Home,
No,,,,My other kids at home and money,Cost / Finances,Cost / Finances; Other Kids / Family at Home,
No,,,,Single parent with a little at home,Other Kids / Family at Home,Other Kids / Family at Home,
No,,,,,,,
No,,,,Wanted child to have the privilege of independence.,Wants Child to Have Independent Experience,Wants Child to Have Independent Experience,
No,,,,too much money for the parent builder,Cost / Finances,Cost / Finances,
No,,,,Finances,Cost / Finances,Cost / Finances,
No,,,,scheduling conlicts,Work Schedule / Time Off,Work Schedule / Time Off,
No,,,,work conflicts,Work Schedule / Time Off,Work Schedule / Time Off,
No,,,,My work won't allow for it.,Work Schedule / Time Off,Work Schedule / Time Off,
No,,,,Price and time off,Cost / Finances,Cost / Finances; Work Schedule / Time Off,
No,,,,Price,Cost / Finances,Cost / Finances,
No,,,,Sister went and looking for a testimony builder for my son,Another Family Member Going Instead,Another Family Member Going Instead,
No,,,,"Money, time and my son needed experiences indépendant of me.",Cost / Finances,Cost / Finances; Work Schedule / Time Off,
No,,,,"Money, 3 of my kids are doing hxp trips and I can't afford to go too, although I would love to!!",Cost / Finances,Cost / Finances,
Yes,They were in need of a female parent builder and it sounded like a great experience,Wanted Shared Experience with Child,Wanted Shared Experience with Child,,,,
No,,,,money and time,Cost / Finances,Cost / Finances; Work Schedule / Time Off,
No,,,,My husband is going :),Another Family Member Going Instead,Another Family Member Going Instead,
Yes,I had a great experience last year in Ghana,Wanted Shared Experience with Child,Wanted Shared Experience with Child; Previous Positive Experience,,,,
No,,,,I want my child to have this experience separate from us. I actually really want to go!!!,Wants Child to Have Independent Experience,Wants Child to Have Independent Experience,
No,,,,Work,Work Schedule / Time Off,Work Schedule / Time Off,
No,,,,Too busy with other kids and life,Work Schedule / Time Off,Work Schedule / Time Off; Other Kids / Family at Home,
No,,,,Want my builder to have that time for just her,Work Schedule / Time Off,Work Schedule / Time Off,
No,,,,Our son wanted to go on his own.,Wants Child to Have Independent Experience,Wants Child to Have Independent Experience,
No,,,,Cost prohibitive and the length of time away from other younger kids,Cost / Finances,Cost / Finances; Work Schedule / Time Off; Other Kids / Family at Home,
No,,,,My spouse is going with our daughter,Another Family Member Going Instead,Another Family Member Going Instead,
Yes,My daughter asked me to accompany her on her first international trip.,Child/Spouse Asked Them to Go,Child/Spouse Asked Them to Go,,,,
No,,,,Too many young children at home,Other Kids / Family at Home,Other Kids / Family at Home,
No,,,,I felt like it would be good for my daughter to go on her own.,Wants Child to Have Independent Experience,Wants Child to Have Independent Experience,
No,,,,,,,
No,,,,I have 6 younger kids at home.,Other Kids / Family at Home,Other Kids / Family at Home,
No,,,,My child needing to be on their own- and cost,Cost / Finances,Cost / Finances; Wants Child to Have Independent Experience,
Yes,"To be with my son, opportunity to serve",Faith / Service Motivation,Faith / Service Motivation,,,,
No,,,,Money,Cost / Finances,Cost / Finances,
No,,,,,,,
No,,,,My husband is going.,Another Family Member Going Instead,Another Family Member Going Instead,
No,,,,Too busy,Work Schedule / Time Off,Work Schedule / Time Off,
Maybe,,,,,,,Cost timing
No,,,,I want my kid to have his own personal experience without me there. This is his adventure.,Wants Child to Have Independent Experience,Wants Child to Have Independent Experience,
No,,,,,,,
No,,,,Work,Work Schedule / Time Off,Work Schedule / Time Off,
No,,,,My daughter said I couldn't,Child Didn't Want Parent to Come,Child Didn't Want Parent to Come,
No,,,,I have young ones at home.,Other Kids / Family at Home,Other Kids / Family at Home,
No,,,,"My son didn't want me to go, lol. I really wanted to go.",Child Didn't Want Parent to Come,Child Didn't Want Parent to Come,
No,,,,To busy,Work Schedule / Time Off,Work Schedule / Time Off,
No,,,,My child needed this time away from home to grow,Work Schedule / Time Off,Work Schedule / Time Off; Other Kids / Family at Home; Wants Child to Have Independent Experience,
No,,,,Younger Children at Home,Other Kids / Family at Home,Other Kids / Family at Home,
No,,,,independence for my daughter being away from us,Wants Child to Have Independent Experience,Wants Child to Have Independent Experience,
No,,,,I have other kids at home and I felt that this would be a good experience for my daughter without her parents.,Other Kids / Family at Home,Other Kids / Family at Home; Wants Child to Have Independent Experience,
No,,,,,,,
No,,,,The desire to serve,Other / Uncategorized,,
No,,,,Time / work,Work Schedule / Time Off,Work Schedule / Time Off,
No,,,,We have a lot of kids and responsibilities at home. Hard to step away even though we'd have loved to have gone.,Work Schedule / Time Off,Work Schedule / Time Off; Other Kids / Family at Home,
No,,,,I might go when my you gear son goes.,Other / Uncategorized,,
No,,,,My son asked me not to,Child Didn't Want Parent to Come,Child Didn't Want Parent to Come,
No,,,,I do't have the time to take off of work and leave my younger children,Work Schedule / Time Off,Work Schedule / Time Off; Other Kids / Family at Home,
No,,,,I want my son to have influences outside of his parents,Wants Child to Have Independent Experience,Wants Child to Have Independent Experience,
No,,,,Money,Cost / Finances,Cost / Finances,
No,,,,Cost and time,Cost / Finances,Cost / Finances; Work Schedule / Time Off,
Yes,The opportunity to travel and serve,Love of Travel / Culture,Love of Travel / Culture; Faith / Service Motivation,,,,
No,,,,"Time, other children",Work Schedule / Time Off,Work Schedule / Time Off; Other Kids / Family at Home,
No,,,,"I don't have time, I have other kids at home",Work Schedule / Time Off,Work Schedule / Time Off; Other Kids / Family at Home,
Yes,Spend time with my son,Wanted Shared Experience with Child,Wanted Shared Experience with Child,,,,
No,,,,"I wanted this to be my daughters experience, not mine.",Wants Child to Have Independent Experience,Wants Child to Have Independent Experience,
No,,,,,,,
Yes,wanting to share an experience with my daughter,Wanted Shared Experience with Child,Wanted Shared Experience with Child,,,,
No,,,,"originally a friend recommendation, this trip though was because other siblings have gone and loved it.",Other Kids / Family at Home,Other Kids / Family at Home,
No,,,,I have other kids who need me. Daughter didn't want me to.,Other Kids / Family at Home,Other Kids / Family at Home; Child Didn't Want Parent to Come,
No,,,,responsibilities at home,Work Schedule / Time Off,Work Schedule / Time Off,
No,,,,Kids at home,Other Kids / Family at Home,Other Kids / Family at Home,
No,,,,Work,Work Schedule / Time Off,Work Schedule / Time Off,
No,,,,Other responsibilities at home,Work Schedule / Time Off,Work Schedule / Time Off,
No,,,,Didn't get my head in the game soon enough. :),Other / Uncategorized,,
No,,,,Time away from work,Work Schedule / Time Off,Work Schedule / Time Off,
No,,,,Chronic illness (nothing to do with HXP),Health / Physical / Age,Health / Physical / Age,
No,,,,Health issues,Health / Physical / Age,Health / Physical / Age,
No,,,,Time,Work Schedule / Time Off,Work Schedule / Time Off,
No,,,,Cost and other vacations already planned.,Cost / Finances,Cost / Finances; Work Schedule / Time Off,
No,,,,,,,
Yes,My wife,Family Member Was the Reason (No Elaboration),Family Member Was the Reason (No Elaboration),,,,
No,,,,Daughter wanted to be independent,Wants Child to Have Independent Experience,Wants Child to Have Independent Experience,
No,,,,"Various factors including cost, time away, other children at home and work obligations. As well as wanting my child to have her own experience.",Cost / Finances,Cost / Finances; Work Schedule / Time Off; Other Kids / Family at Home; Wants Child to Have Independent Experience,
No,,,,Our son wanted to go by himself,Child Didn't Want Parent to Come,Child Didn't Want Parent to Come,
No,,,,Daughter didn't want me to go with her,Child Didn't Want Parent to Come,Child Didn't Want Parent to Come,
No,,,,Want her to go with out me,Wants Child to Have Independent Experience,Wants Child to Have Independent Experience,
No,,,,"Two factors, cost and the need to go without a parent. 1- The cost-- I can barely afford to send one child and the bill for one of the parent's to attend would have not been in our budget. 2- This trip is to help prepare my child for serving a mission and having experiences away from family. The ability to send him on his own for an extended period of tine was important in our decision when choosing which experience for him.",Cost / Finances,Cost / Finances; Other Kids / Family at Home; Wants Child to Have Independent Experience; Other Life Commitment,
No,,,,Son didn't want me to go,Child Didn't Want Parent to Come,Child Didn't Want Parent to Come,
No,,,,Time,Work Schedule / Time Off,Work Schedule / Time Off,
No,,,,Give my son more opportunity for individual growth,Wants Child to Have Independent Experience,Wants Child to Have Independent Experience,
Yes,Time with my daughter; opportunity to serve,Wanted Shared Experience with Child,Wanted Shared Experience with Child; Faith / Service Motivation,,,,
No,,,,I think its better for my daughter not to have me there as someone to lean ion. She will need to trust herself and those shes with,Wants Child to Have Independent Experience,Wants Child to Have Independent Experience,
No,,,,work,Work Schedule / Time Off,Work Schedule / Time Off,
No,,,,"My husband is going, that's why.",Another Family Member Going Instead,Another Family Member Going Instead,
No,,,,I would like to go as a parent builder in the future,Other / Uncategorized,,
No,,,,,,,
No,,,,Heard positive report from someone else that went.,Other / Uncategorized,,
No,,,,"How long the trip is, It's a long time to be away from the rest of my family",Work Schedule / Time Off,Work Schedule / Time Off,
No,,,,Want child to have experience away from parent,Wants Child to Have Independent Experience,Wants Child to Have Independent Experience,
No,,,,previous children have gone,Another Family Member Going Instead,Another Family Member Going Instead,
No,,,,not interested,Not a Traveler / Personal Preference,Not a Traveler / Personal Preference,
No,,,,,,,
No,,,,,,,
No,,,,I have 6 kids and a husband that works a busy job. Just not my season yet.,Work Schedule / Time Off,Work Schedule / Time Off; Other Kids / Family at Home,
No,,,,Daughter wants to go alone,Wants Child to Have Independent Experience,Wants Child to Have Independent Experience,
No,,,,My husband is going this year,Another Family Member Going Instead,Another Family Member Going Instead,
No,,,,Already full and I have my most busy time at work in the summer.,Work Schedule / Time Off,Work Schedule / Time Off,
No,,,,Couldn't leave my other kids home that long,Other Kids / Family at Home,Other Kids / Family at Home,
Maybe,,,,,,,
No,,,,I can't leave my kids.,Other Kids / Family at Home,Other Kids / Family at Home,
No,,,,I never heard it as an option from my child (or as you call her “builder”),Not Aware It Was an Option,Not Aware It Was an Option,
No,,,,have other kids to take care of,Other Kids / Family at Home,Other Kids / Family at Home,
Maybe,,,,,,,cost
Maybe,,,,,,,I might go when my youngest is old enough so I don't have to worry about other kids being left unattended at home.
No,,,,Cost,Cost / Finances,Cost / Finances,
No,,,,💵,Cost / Finances,Cost / Finances,
No,,,,,,,
No,,,,Daughter wanted own experience,Wants Child to Have Independent Experience,Wants Child to Have Independent Experience,
Yes,"I was asked to go by HXP. I've considered it for all of my kids' trips, but didn't want to negatively impact their experience. I only decided to go because my daughter agreed.",Wanted Shared Experience with Child,Wanted Shared Experience with Child,,,,
No,,,,Cost,Cost / Finances,Cost / Finances,
No,,,,I wanted to give my son a chance to have a trip all by himself.,Child Didn't Want Parent to Come,Child Didn't Want Parent to Come,
No,,,,"My husband is going, I'm excited for both him and my daughter!",Another Family Member Going Instead,Another Family Member Going Instead,
No,,,,Work schedule,Work Schedule / Time Off,Work Schedule / Time Off,
No,,,,Work,Work Schedule / Time Off,Work Schedule / Time Off,
No,,,,Flight time,Work Schedule / Time Off,Work Schedule / Time Off,
No,,,,Time and money,Cost / Finances,Cost / Finances; Work Schedule / Time Off,
No,,,,Cost and time off work,Cost / Finances,Cost / Finances; Work Schedule / Time Off,
Yes,Daughter,Family Member Was the Reason (No Elaboration),Family Member Was the Reason (No Elaboration),,,,
Yes,My daughter,Family Member Was the Reason (No Elaboration),Family Member Was the Reason (No Elaboration),,,,
No,,,,,,,
No,,,,My daughter didn't want me to :),Child Didn't Want Parent to Come,Child Didn't Want Parent to Come,
No,,,,,,,
No,,,,The cost. I would have loved to go.,Cost / Finances,Cost / Finances,
No,,,,My daughter went to West Virginia last summer and had an amazing experience!,Wants Child to Have Independent Experience,Wants Child to Have Independent Experience,
No,,,,Time and money,Cost / Finances,Cost / Finances; Work Schedule / Time Off,
No,,,,Too busy and my child wants to go on her own,Work Schedule / Time Off,Work Schedule / Time Off; Wants Child to Have Independent Experience,
No,,,,Builder did not want me to go,Child Didn't Want Parent to Come,Child Didn't Want Parent to Come,
No,,,,,,,
No,,,,Younger children still at home,Other Kids / Family at Home,Other Kids / Family at Home,
No,,,,I wanted my child to have his own experience.,Wants Child to Have Independent Experience,Wants Child to Have Independent Experience,
No,,,,"Already went, it was awesome",Other / Uncategorized,,
Maybe,,,,,,,Less expensive.
No,,,,Trying to let my kids experience trust in themselves to go.,Wants Child to Have Independent Experience,Wants Child to Have Independent Experience,
Yes,I wanted my kid and I to be closer together and close to Jesus together,Wanted Shared Experience with Child,Wanted Shared Experience with Child,,,,
No,,,,Husband travels and I still have a son at home,Other Kids / Family at Home,Other Kids / Family at Home,
No,,,,Our builder wanted to go solo,Wants Child to Have Independent Experience,Wants Child to Have Independent Experience,
No,,,,Sibling went 2 years ago and loves it.,Other Kids / Family at Home,Other Kids / Family at Home,
Maybe,,,,,,,"Mostly not going as my child is wanting to experience things on his own and grow without mom or dad, however we have another one going next year who would love our company so next year is an option. Also, cost, which is a necessary unavoidable, priority trip options prior to the older age group."
No,,,,Kids at home,Other Kids / Family at Home,Other Kids / Family at Home,
Maybe,,,,,,,
No,,,,Money,Cost / Finances,Cost / Finances,
No,,,,I have younger kids I can't leave,Other Kids / Family at Home,Other Kids / Family at Home,
No,,,,Logistics with kids at home,Other Kids / Family at Home,Other Kids / Family at Home,
No,,,,Cost,Cost / Finances,Cost / Finances,
No,,,,Work,Work Schedule / Time Off,Work Schedule / Time Off,
No,,,,"We wanted our son to have an experience serving others, but also wanted him to experience being on his own (since he is graduation age)",Wants Child to Have Independent Experience,Wants Child to Have Independent Experience; Health / Physical / Age; Other Life Commitment,
No,,,,Child didn't want us to come. We also wanted her to have this experience separate from us.,Child Didn't Want Parent to Come,Child Didn't Want Parent to Come; Wants Child to Have Independent Experience,
No,,,,Work,Work Schedule / Time Off,Work Schedule / Time Off,
Yes,My daughter invited me,Child/Spouse Asked Them to Go,Child/Spouse Asked Them to Go,,,,
No,,,,We like the humanitarian trip experience before high school graduation,Wants Child to Have Independent Experience,Wants Child to Have Independent Experience; Other Life Commitment,
No,,,,Money,Cost / Finances,Cost / Finances,
No,,,,Money,Cost / Finances,Cost / Finances,
No,,,,Cost and time away from home (family and job commitments),Cost / Finances,Cost / Finances; Work Schedule / Time Off; Other Kids / Family at Home,
No,,,,Wanted my son to have an experience living independently from parents.,Wants Child to Have Independent Experience,Wants Child to Have Independent Experience,
No,,,,,,,
No,,,,Cost,Cost / Finances,Cost / Finances,
No,,,,"Didn't know it was an option, money, time commitment",Cost / Finances,Cost / Finances; Work Schedule / Time Off; Not Aware It Was an Option,
No,,,,Wanted my child to have her own experience.,Wants Child to Have Independent Experience,Wants Child to Have Independent Experience,
No,,,,Small children at home. The cost of a nanny while I am gone would be difficult to manage.,Cost / Finances,Cost / Finances; Other Kids / Family at Home,
No,,,,Cost and logistics of leaving my other children at home for that length of time,Cost / Finances,Cost / Finances; Work Schedule / Time Off; Other Kids / Family at Home,
No,,,,Expense,Cost / Finances,Cost / Finances,
No,,,,My son likes going without a parent there,Wants Child to Have Independent Experience,Wants Child to Have Independent Experience,
No,,,,My son didn't want me on the trip.,Child Didn't Want Parent to Come,Child Didn't Want Parent to Come,
No,,,,"I work full time and just don't have the time, otherwise I would go.",Work Schedule / Time Off,Work Schedule / Time Off,
No,,,,Time away from my other kids,Work Schedule / Time Off,Work Schedule / Time Off; Other Kids / Family at Home,
No,,,,I'm busy working.,Work Schedule / Time Off,Work Schedule / Time Off,
No,,,,,,,
No,,,,Money. Time away from work,Cost / Finances,Cost / Finances; Work Schedule / Time Off,
No,,,,My child would like to have their own experience away from home.,Other Kids / Family at Home,Other Kids / Family at Home; Wants Child to Have Independent Experience,
No,,,,Other kids at home,Other Kids / Family at Home,Other Kids / Family at Home,
No,,,,I wanted my child to have the experience of doing it alone!,Wants Child to Have Independent Experience,Wants Child to Have Independent Experience,
No,,,,My schedule doesn't work,Work Schedule / Time Off,Work Schedule / Time Off,
No,,,,My oldest daughter is leaving for her mission during the trip,Other Life Commitment,Other Life Commitment,
No,,,,Money,Cost / Finances,Cost / Finances,
Yes,My daughter asked for me to come and this will be the last summer before she graduates from HS.,Child/Spouse Asked Them to Go,Child/Spouse Asked Them to Go,,,,
No,,,,More kids at home,Other Kids / Family at Home,Other Kids / Family at Home,
No,,,,"Couldn't take the time off, younger siblings at home.",Work Schedule / Time Off,Work Schedule / Time Off; Other Kids / Family at Home,
No,,,,My son needs to be on a trip without me.,Wants Child to Have Independent Experience,Wants Child to Have Independent Experience,
Yes,I was asked by the trip leader if I could go.,Personally Invited by HXP Staff/Trip Leader,Personally Invited by HXP Staff/Trip Leader,,,,
No,,,,Wanted my child to have the experience without me overseeing,Wants Child to Have Independent Experience,Wants Child to Have Independent Experience,
No,,,,Child care for other kids,Other Kids / Family at Home,Other Kids / Family at Home,
No,,,,I have had three other children participate in this experience and it has always been great!,Other Kids / Family at Home,Other Kids / Family at Home; Wants Child to Have Independent Experience,
Yes,My daughter and wife,Family Member Was the Reason (No Elaboration),Family Member Was the Reason (No Elaboration),,,,
No,,,,My daughter did not want me to go.,Child Didn't Want Parent to Come,Child Didn't Want Parent to Come,
No,,,,Kids at home,Other Kids / Family at Home,Other Kids / Family at Home,
No,,,,Did it before - amazing experience,Wants Child to Have Independent Experience,Wants Child to Have Independent Experience,
No,,,,four younger children,Other Kids / Family at Home,Other Kids / Family at Home,
No,,,,Don't have time to be gone that long,Work Schedule / Time Off,Work Schedule / Time Off,
No,,,,,,,
No,,,,Too long being away from home,Other Kids / Family at Home,Other Kids / Family at Home,
Yes,Love the youth and quality time with our children.,Wanted Shared Experience with Child,Wanted Shared Experience with Child,,,,
No,,,,My son needs to have his own experience,Wants Child to Have Independent Experience,Wants Child to Have Independent Experience,
No,,,,Work,Work Schedule / Time Off,Work Schedule / Time Off,
No,,,,I have another son with special needs that I need to care for and the other parent is a surgeon who can't take time off work for that long.,Work Schedule / Time Off,Work Schedule / Time Off; Other Kids / Family at Home,
No,,,,Other children at home to care for,Other Kids / Family at Home,Other Kids / Family at Home,
No,,,,Too much time away from my other kids.,Work Schedule / Time Off,Work Schedule / Time Off; Other Kids / Family at Home,
No,,,,"Wanted my daughter to have her own experience. Would like to go in future, but a little too pricey to help her and me go.",Wants Child to Have Independent Experience,Wants Child to Have Independent Experience,
No,,,,Cost,Cost / Finances,Cost / Finances,
No,,,,My daughter wanted this to be HER experience away from home.,Other Kids / Family at Home,Other Kids / Family at Home; Wants Child to Have Independent Experience,
No,,,,Want to go next year when our youngest can be on the trip with us.,Other Kids / Family at Home,Other Kids / Family at Home,
No,,,,My other daughter did it last year and loved it. Wanted Brenna to have the same type of experience.,Wants Child to Have Independent Experience,Wants Child to Have Independent Experience,
No,,,,Current Mission Leaders and can't leave the mission.,Other Kids / Family at Home,Other Kids / Family at Home; Other Life Commitment,
No,,,,Money. I would love to go but cannot afford it.,Cost / Finances,Cost / Finances,
No,,,,I have a daughter leaving for a mission at the same time,Work Schedule / Time Off,Work Schedule / Time Off; Other Life Commitment,
No,,,,Her uncle is going with her.,Another Family Member Going Instead,Another Family Member Going Instead,
No,,,,I may go in the future but I want my daughter to have an experience away from home and her parents. I think it'll be a great growing experience for her!,Other Kids / Family at Home,Other Kids / Family at Home; Wants Child to Have Independent Experience,
No,,,,,,,
No,,,,I'm a mission leader in Utah St. George Mission,Other Life Commitment,Other Life Commitment,
No,,,,Wondering if I could keep up with the kids,Health / Physical / Age,Health / Physical / Age,
No,,,,A business trip planned for the same week,Other Life Commitment,Other Life Commitment,
No,,,,money,Cost / Finances,Cost / Finances,
No,,,,No desire,Not a Traveler / Personal Preference,Not a Traveler / Personal Preference,
No,,,,I would consider it for future trips but just did not consider it for this summer,Not Aware It Was an Option,Not Aware It Was an Option,
Yes,My daughter asked me to go with her :),Child/Spouse Asked Them to Go,Child/Spouse Asked Them to Go,,,,
No,,,,,,,
No,,,,Cost,Cost / Finances,Cost / Finances,
No,,,,My child wanted to experience this trip on her own.,Wants Child to Have Independent Experience,Wants Child to Have Independent Experience,
No,,,,My son didn't want us to and cost,Cost / Finances,Cost / Finances; Child Didn't Want Parent to Come,
No,,,,Money,Cost / Finances,Cost / Finances,
No,,,,Work,Work Schedule / Time Off,Work Schedule / Time Off,
No,,,,Timing,Work Schedule / Time Off,Work Schedule / Time Off,
Maybe,,,,,,,It's about time and money - so decisions about going will be influenced by those 2 items for next summer. But I have strong interest in going.
Maybe,,,,,,,
No,,,,,,,
No,,,,,,,
Yes,I have been twice before,Previous Positive Experience,Previous Positive Experience,,,,
No,,,,Cost,Cost / Finances,Cost / Finances,
No,,,,$$,Cost / Finances,Cost / Finances,
No,,,,Not available,Work Schedule / Time Off,Work Schedule / Time Off,
No,,,,Think it will be good for kids to do something alone,Wants Child to Have Independent Experience,Wants Child to Have Independent Experience,
No,,,,"We have been to Africa, Bolivia and Guatemala on family humanitarian trips. We are excited for Ririe to have a trip on his own with peers.",Wants Child to Have Independent Experience,Wants Child to Have Independent Experience,
No,,,,,,,
No,,,,I already went as parent builder 2015 to Bolivia and had a wonderful experience.,Wants Child to Have Independent Experience,Wants Child to Have Independent Experience,
No,,,,I'm not a good traveler,Not a Traveler / Personal Preference,Not a Traveler / Personal Preference,
No,,,,other children at home to care for at this time,Work Schedule / Time Off,Work Schedule / Time Off; Other Kids / Family at Home,
No,,,,My husband is going,Another Family Member Going Instead,Another Family Member Going Instead,
No,,,,Cost and time commitment,Cost / Finances,Cost / Finances; Work Schedule / Time Off,
No,,,,,,,
No,,,,Too long of a trip,Work Schedule / Time Off,Work Schedule / Time Off,
Maybe,,,,,,,If younger sibling decides to go someday
Maybe,,,,,,,Personal health improvement
No,,,,Timing. I may be interested in the future. I have been a Scout master and high adventure leader for many years and now organized our Stake's Youth Camp. The timing for this was off. I would be interested in learning more and possibly going in 2025.,Work Schedule / Time Off,Work Schedule / Time Off,
No,,,,$$,Cost / Finances,Cost / Finances,
No,,,,I think my son wanted to go without a parent,Wants Child to Have Independent Experience,Wants Child to Have Independent Experience,
Yes,The desire to be with my kid and serve together,Wanted Shared Experience with Child,Wanted Shared Experience with Child; Faith / Service Motivation,,,,
No,,,,No time,Work Schedule / Time Off,Work Schedule / Time Off,
No,,,,I am not aware that I am able to go. I thought this was for the kids and leaders only. I would love to go with my son but am not aware that's an option,Not Aware It Was an Option,Not Aware It Was an Option,
No,,,,Didn't really understand what it entailed,Not Aware It Was an Option,Not Aware It Was an Option,
No,,,,Can't leave the country by the moment,Other Kids / Family at Home,Other Kids / Family at Home,
No,,,,It was never an option for me due to my work schedule,Work Schedule / Time Off,Work Schedule / Time Off,
No,,,,Work schedule and wanted my youth to experience it on their own,Work Schedule / Time Off,Work Schedule / Time Off; Wants Child to Have Independent Experience,
No,,,,,,,
No,,,,Small children at home,Other Kids / Family at Home,Other Kids / Family at Home,
No,,,,My child wanted to go by herself,Child Didn't Want Parent to Come,Child Didn't Want Parent to Come,
No,,,,Because of the cost,Cost / Finances,Cost / Finances,
No,,,,Responsibilities this summer. I'd love to go another time.,Work Schedule / Time Off,Work Schedule / Time Off,
No,,,,,,,
No,,,,I have 3 younger kids at home that I need to be with for other summer activities,Other Kids / Family at Home,Other Kids / Family at Home,
No,,,,Time,Work Schedule / Time Off,Work Schedule / Time Off,
No,,,,My daughters cousin and also my daughter wanted something more after fsy,Other / Uncategorized,,
No,,,,I wanted my son to have this experience by himself,Child Didn't Want Parent to Come,Child Didn't Want Parent to Come; Wants Child to Have Independent Experience,
No,,,,"My summer was booked with other activities, I'm planning on going next year.",Work Schedule / Time Off,Work Schedule / Time Off; Other Life Commitment,
No,,,,Wanted my son to be on his own.,Wants Child to Have Independent Experience,Wants Child to Have Independent Experience,
No,,,,we have a lot of kids. can't get away,Other Kids / Family at Home,Other Kids / Family at Home,
No,,,,My builder wanted to have an experience without parents.,Wants Child to Have Independent Experience,Wants Child to Have Independent Experience,
Yes,"We joined so late it guaranteed my son a spot. Plus, I'm super excited to be included!!",Wanted Shared Experience with Child,Wanted Shared Experience with Child,,,,
No,,,,My daughter is excited about going on this trip on her own.,Wants Child to Have Independent Experience,Wants Child to Have Independent Experience,
No,,,,I went with my builder last year to Guatemala on a service trip and he told me it was the best experience of his life and he wanted to go another time without me;) I was happy to oblige for him to spread his wings even though a trip to Cambodia for service sounds rad.,Work Schedule / Time Off,Work Schedule / Time Off; Wants Child to Have Independent Experience,
No,,,,time off work,Work Schedule / Time Off,Work Schedule / Time Off,
Yes,Help my kids to build long lasting friendship and thief testimonies,Faith / Service Motivation,Faith / Service Motivation,,,,
No,,,,"Work, other children at home",Work Schedule / Time Off,Work Schedule / Time Off; Other Kids / Family at Home,
No,,,,My son wouldn't let me since I went last year. He said he wants to do one on his own.,Wants Child to Have Independent Experience,Wants Child to Have Independent Experience,
No,,,,Cost,Cost / Finances,Cost / Finances,
Yes,Save my daughter,Other / Uncategorized,,,,,
Maybe,,,,,,,If it was cheaper for the parents.
No,,,,Cost and time. Although I'd love to go. Maybe with one of my younger kids,Cost / Finances,Cost / Finances; Work Schedule / Time Off; Other Kids / Family at Home,
No,,,,,,,
Yes,Experience,Wanted Shared Experience with Child,Wanted Shared Experience with Child,,,,
No,,,,I have too many younger kids still at home.,Other Kids / Family at Home,Other Kids / Family at Home,
No,,,,Wanted my daughter to get some experience being independent,Wants Child to Have Independent Experience,Wants Child to Have Independent Experience,
No,,,,family responsibilites,Work Schedule / Time Off,Work Schedule / Time Off,
No,,,,Finances,Cost / Finances,Cost / Finances,
No,,,,I wanted to let me son go without his dad on the trip.,Wants Child to Have Independent Experience,Wants Child to Have Independent Experience,
No,,,,My daughter wanted to experience it independently,Wants Child to Have Independent Experience,Wants Child to Have Independent Experience,
No,,,,Money,Cost / Finances,Cost / Finances,
No,,,,I have younger children at home and I want my daughter to experience the independence of not going with us.,Other Kids / Family at Home,Other Kids / Family at Home; Wants Child to Have Independent Experience,
No,,,,Work,Work Schedule / Time Off,Work Schedule / Time Off,
No,,,,My daughter wanted to go alone,Wants Child to Have Independent Experience,Wants Child to Have Independent Experience,
No,,,,time,Work Schedule / Time Off,Work Schedule / Time Off,
No,,,,cost - it's already a huge expense just for our son to go,Cost / Finances,Cost / Finances,
No,,,,Couldn't get time off from work and wanted daughter to experience trip without parents.,Work Schedule / Time Off,Work Schedule / Time Off; Wants Child to Have Independent Experience,
Yes,HXP office reaching out to me personally to ask if I could go. Then my son saying he would be fine with it!,Personally Invited by HXP Staff/Trip Leader,Personally Invited by HXP Staff/Trip Leader,,,,
No,,,,"Timing and current money situation, but next year I'll try to volunteer to go with my son, domestically. He will still be 15.",Cost / Finances,Cost / Finances; Work Schedule / Time Off,
No,,,,too expensive,Cost / Finances,Cost / Finances,
Maybe,,,,,,,If it were easier to get a spot
No,,,,The cost for builder and parents builder.,Cost / Finances,Cost / Finances,
Yes,To be with my son for this experience - help other youth strengthen testimony,Wanted Shared Experience with Child,Wanted Shared Experience with Child; Faith / Service Motivation,,,,
Yes,My daughter was using me for her to obtain an earlier selection. LOL. And I'm happy she did.,Securing/Ensuring Child's Spot (Registration Timing),Securing/Ensuring Child's Spot (Registration Timing),,,,
No,,,,small kids at home,Other Kids / Family at Home,Other Kids / Family at Home,
Yes,My son asked me to,Child/Spouse Asked Them to Go,Child/Spouse Asked Them to Go,,,,
Maybe,,,,,,,price
No,,,,I felt my daughter needed to go without a parent,Wants Child to Have Independent Experience,Wants Child to Have Independent Experience,
No,,,,i have 5 kids,Other Kids / Family at Home,Other Kids / Family at Home,
No,,,,Cost,Cost / Finances,Cost / Finances,
No,,,,Not able to leave the rest of my family for that long,Other Kids / Family at Home,Other Kids / Family at Home,
No,,,,Cost,Cost / Finances,Cost / Finances,
No,,,,Timing,Work Schedule / Time Off,Work Schedule / Time Off,
Yes,Sending our kids is their senior trip and it is always our intention for one of us to join them.,Previous Positive Experience,Previous Positive Experience,,,,
No,,,,"My builder didn't want me to, ha!",Child Didn't Want Parent to Come,Child Didn't Want Parent to Come,
Maybe,,,,,,,
No,,,,,,,
No,,,,Price,Cost / Finances,Cost / Finances,
No,,,,child wanted to experience this alone,Wants Child to Have Independent Experience,Wants Child to Have Independent Experience,
No,,,,,,,
No,,,,She needs to do this alone and get out of her comfort zone. Trust me. I really wanted to go.,Wants Child to Have Independent Experience,Wants Child to Have Independent Experience,
No,,,,,,,
No,,,,,,,
No,,,,Money/time,Cost / Finances,Cost / Finances; Work Schedule / Time Off,
No,,,,Other family responsibilities,Work Schedule / Time Off,Work Schedule / Time Off,
No,,,,Time,Work Schedule / Time Off,Work Schedule / Time Off,
No,,,,Too many kids at home to leave,Other Kids / Family at Home,Other Kids / Family at Home,
No,,,,"Young children at home need me here, but when these younger ones are old enough to go I'd love to go be a parent builder.",Other Kids / Family at Home,Other Kids / Family at Home,
No,,,,,,,
No,,,,My son's experience would have been altered had one of his parents been there.,Wants Child to Have Independent Experience,Wants Child to Have Independent Experience,
No,,,,Time off work,Work Schedule / Time Off,Work Schedule / Time Off,
No,,,,Time and my child wanted to go on her own,Work Schedule / Time Off,Work Schedule / Time Off; Wants Child to Have Independent Experience,
No,,,,The trip extends into the beginning of our school year and I have other children at home who will need me.,Other Kids / Family at Home,Other Kids / Family at Home,
No,,,,My husband is going as the parent builder. I went with our two boys and had a great experience.,Another Family Member Going Instead,Another Family Member Going Instead; Wants Child to Have Independent Experience,
No,,,,"I really wanted my son to have this experience not knowing anyone. I hope he will gain confidence in speaking to new people, making new friends, and learning to navigate unfamiliar circumstances using skills he has been taught growing up. I feel like being a parent builder may hinder that growth.",Wants Child to Have Independent Experience,Wants Child to Have Independent Experience,
Yes,,,,,,,
No,,,,"I wanted to leave this decision up to my son. While there are so many wonderful things that can happen going together, I also appreciated that it would be a slightly different experience if ""mom"" were there all the time. I would have LOVED to do it, but I didn't want to influence his experience to learn and grow, either.",Work Schedule / Time Off,Work Schedule / Time Off; Wants Child to Have Independent Experience,
Yes,The spirit 😊,Faith / Service Motivation,Faith / Service Motivation,,,,
No,,,,,,,
No,,,,Child is our youngest and needs independence,Wants Child to Have Independent Experience,Wants Child to Have Independent Experience,
No,,,,Wanted him to be without parents to prepare for a mission,Wants Child to Have Independent Experience,Wants Child to Have Independent Experience; Other Life Commitment,
Yes,want to serve with my son,Faith / Service Motivation,Faith / Service Motivation,,,,
No,,,,My kid needs his own experience,Wants Child to Have Independent Experience,Wants Child to Have Independent Experience,
Yes,International trip with spiritual undercurrent,Faith / Service Motivation,Faith / Service Motivation,,,,
No,,,,money and time,Cost / Finances,Cost / Finances; Work Schedule / Time Off,
No,,,,Want her to have her own experience,Wants Child to Have Independent Experience,Wants Child to Have Independent Experience,
No,,,,My child did not want me to go,Child Didn't Want Parent to Come,Child Didn't Want Parent to Come,
No,,,,Timing and price,Cost / Finances,Cost / Finances; Work Schedule / Time Off,
No,,,,"just started a new job, can't take that much time off",Work Schedule / Time Off,Work Schedule / Time Off,
No,,,,Didn't realize I could go as a parent builder.,Not Aware It Was an Option,Not Aware It Was an Option,
No,,,,expense,Cost / Finances,Cost / Finances,
Yes,"Other parents going with their kids, and I haven't gone to Africa or on a mission.",Faith / Service Motivation,Faith / Service Motivation,,,,
No,,,,Kids at home,Other Kids / Family at Home,Other Kids / Family at Home,
Yes,"Last year my daughter got hurt, and overlooked. It was 3 days before we knew she made it. I plan to never let a parent go through that if I can help it.",Previous Positive Experience,Previous Positive Experience,,,,
No,,,,my son didn't want me to go,Child Didn't Want Parent to Come,Child Didn't Want Parent to Come,
No,,,,,,,
No,,,,My youth didn't want me to go,Child Didn't Want Parent to Come,Child Didn't Want Parent to Come,
No,,,,,,,
No,,,,Worried that my daughter wouldn't participate as much if I was there,Wants Child to Have Independent Experience,Wants Child to Have Independent Experience,
No,,,,Like them to go solo,Wants Child to Have Independent Experience,Wants Child to Have Independent Experience,
No,,,,Experience testimonials from ones that have gone on a trip before,Wants Child to Have Independent Experience,Wants Child to Have Independent Experience,
No,,,,,,,
No,,,,I am too busy,Work Schedule / Time Off,Work Schedule / Time Off,
No,,,,"Time, money",Cost / Finances,Cost / Finances; Work Schedule / Time Off,
No,,,,Price,Cost / Finances,Cost / Finances,
Yes,Served my mission there,Faith / Service Motivation,Faith / Service Motivation,,,,
No,,,,Cost and unable to take work off for that long,Cost / Finances,Cost / Finances; Work Schedule / Time Off; Other Kids / Family at Home,
No,,,,Cost,Cost / Finances,Cost / Finances,
No,,,,,,,
No,,,,,,,
No,,,,Let me son have this experience first himself. I'll go next year,Wants Child to Have Independent Experience,Wants Child to Have Independent Experience,
No,,,,,,,
No,,,,"Can't do it this year, but I am planning on doing it next year if finances allow.",Cost / Finances,Cost / Finances,
No,,,,Other children at home,Other Kids / Family at Home,Other Kids / Family at Home,
No,,,,Finances and my other three kids at home,Cost / Finances,Cost / Finances; Other Kids / Family at Home,
Yes,Passion for the humanitarian work and the opportunity to connect with my son,Faith / Service Motivation,Faith / Service Motivation,,,,
No,,,,"Expense, time, hard to make arrangements for other kids, child wanting to go in her own.",Cost / Finances,Cost / Finances; Work Schedule / Time Off; Other Kids / Family at Home,
No,,,,Other kids at home,Other Kids / Family at Home,Other Kids / Family at Home,
No,,,,My builder didn't want a parent to go - she wants to experience this on her own.,Child Didn't Want Parent to Come,Child Didn't Want Parent to Come; Wants Child to Have Independent Experience,
No,,,,Daughter wanted to go on her own,Wants Child to Have Independent Experience,Wants Child to Have Independent Experience,
No,,,,"Have other home responsibilities, child is fine traveling alone, want them to have their own experience",Work Schedule / Time Off,Work Schedule / Time Off; Wants Child to Have Independent Experience,
No,,,,Prefer my child to have this experience without a parent present.,Wants Child to Have Independent Experience,Wants Child to Have Independent Experience,
No,,,,Cost,Cost / Finances,Cost / Finances,
No,,,,"Cost, Time Commitment",Cost / Finances,Cost / Finances; Work Schedule / Time Off,
Yes,Ensuring a spot for my son,Other / Uncategorized,,,,,
No,,,,I can't afford it,Cost / Finances,Cost / Finances,
No,,,,,,,
No,,,,Time,Work Schedule / Time Off,Work Schedule / Time Off,
No,,,,Too much time away from work.,Work Schedule / Time Off,Work Schedule / Time Off,
No,,,,Cost,Cost / Finances,Cost / Finances,
No,,,,Too many responsibilities and not enough money.,Cost / Finances,Cost / Finances; Work Schedule / Time Off,
Maybe,,,,,,,
No,,,,I have 5 other kids and am too busy right now.,Work Schedule / Time Off,Work Schedule / Time Off; Other Kids / Family at Home,
Yes,My husband has done this and had a wonderful experience.,Wanted Shared Experience with Child,Wanted Shared Experience with Child,,,,
Yes,The trip needed parent builders. The idea to spend time with my kid,Wanted Shared Experience with Child,Wanted Shared Experience with Child,,,,
No,,,,Don't have the time,Work Schedule / Time Off,Work Schedule / Time Off,
No,,,,My other kids at home,Other Kids / Family at Home,Other Kids / Family at Home,
No,,,,want my child to have his own experience,Wants Child to Have Independent Experience,Wants Child to Have Independent Experience,
No,,,,I can't leave my young family,Other Kids / Family at Home,Other Kids / Family at Home,
No,,,,My son told me he thought he would reach out more if I wasn't there. I would love to go in the future!,Wants Child to Have Independent Experience,Wants Child to Have Independent Experience,
No,,,,"Kids at home, wanting our son to have an experience without us around",Other Kids / Family at Home,Other Kids / Family at Home; Wants Child to Have Independent Experience,
No,,,,This year is was money and time. I went two years ago and loved it!,Cost / Finances,Cost / Finances; Work Schedule / Time Off,
No,,,,Can't afford it,Cost / Finances,Cost / Finances,
No,,,,No availability,Work Schedule / Time Off,Work Schedule / Time Off,
No,,,,Want daughter to have her own experience.,Wants Child to Have Independent Experience,Wants Child to Have Independent Experience,
No,,,,I went 2 years ago,Other / Uncategorized,,
No,,,,Cost,Cost / Finances,Cost / Finances,
No,,,,Cost,Cost / Finances,Cost / Finances,
No,,,,My daughter would not want me there and I'm not sure I would be good at it.,Child Didn't Want Parent to Come,Child Didn't Want Parent to Come,
No,,,,Cost and other kids at home,Cost / Finances,Cost / Finances; Other Kids / Family at Home,
No,,,,Work and home responsibilities,Work Schedule / Time Off,Work Schedule / Time Off,
No,,,,,,,
No,,,,Cost and I want me child to have an individual experience without me.,Cost / Finances,Cost / Finances; Wants Child to Have Independent Experience,
No,,,,Price,Cost / Finances,Cost / Finances,
Maybe,,,,,,,I tried to be a parent builder when we signed up but there was a mess up in the process and all our choices were gone. So I figured it wasn't meant to be this time.
No,,,,Husband is going,Another Family Member Going Instead,Another Family Member Going Instead,
No,,,,Want my kid to be independent,Wants Child to Have Independent Experience,Wants Child to Have Independent Experience,
No,,,,Letting my kids experience something on their own.,Wants Child to Have Independent Experience,Wants Child to Have Independent Experience,
No,,,,Time and money,Cost / Finances,Cost / Finances; Work Schedule / Time Off,
No,,,,,,,
Yes,I love the opportunity to serve people and see new places,Faith / Service Motivation,Faith / Service Motivation,,,,
No,,,,,,,
No,,,,My daughter wanted to go alone,Wants Child to Have Independent Experience,Wants Child to Have Independent Experience,
No,,,,cost and time,Cost / Finances,Cost / Finances; Work Schedule / Time Off,
No,,,,$$$$$,Cost / Finances,Cost / Finances,
No,,,,Cost and I want my younger child to go next,Cost / Finances,Cost / Finances; Other Kids / Family at Home,
No,,,,"Time, want my builder to have her own experience",Work Schedule / Time Off,Work Schedule / Time Off; Wants Child to Have Independent Experience,
No,,,,Money,Cost / Finances,Cost / Finances,
No,,,,Price,Cost / Finances,Cost / Finances,
No,,,,Not interested,Not a Traveler / Personal Preference,Not a Traveler / Personal Preference,
Maybe,,,,,,,Having more time to go. We had a super busy summer this year.
No,,,,I have other kids at home.,Other Kids / Family at Home,Other Kids / Family at Home,
Yes,son,Family Member Was the Reason (No Elaboration),Family Member Was the Reason (No Elaboration),,,,
No,,,,Cost,Cost / Finances,Cost / Finances,
Yes,Late to sign my son up so it was necessary.,Securing/Ensuring Child's Spot (Registration Timing),Securing/Ensuring Child's Spot (Registration Timing),,,,
No,,,,We wanted our son to have the experience on his own. He is great and will be so much fun on the trip and we wanted to have him have something of his own.,Wants Child to Have Independent Experience,Wants Child to Have Independent Experience,
Yes,Wanted to do something with my daughter,Wanted Shared Experience with Child,Wanted Shared Experience with Child,,,,
Yes,My daughter really wanted me to go.,Child/Spouse Asked Them to Go,Child/Spouse Asked Them to Go,,,,
No,,,,Does not work for my life situation at this time,Work Schedule / Time Off,Work Schedule / Time Off,
No,,,,Space,Other / Uncategorized,,
No,,,,My daughter's preference to have her own experience.,Wants Child to Have Independent Experience,Wants Child to Have Independent Experience,
Yes,I have done 2 other humanitarian trips with another organization and my other daughters. I was excited to be apart of another one with my daughter Esmee,Wanted Shared Experience with Child,Wanted Shared Experience with Child; Faith / Service Motivation,,,,
Maybe,,,,,,,"I would love to go, but I would rather made sure there is money for one of my kids to go"
No,,,,Child didn't want me to go.,Child Didn't Want Parent to Come,Child Didn't Want Parent to Come,
No,,,,Time away from younger kids,Work Schedule / Time Off,Work Schedule / Time Off; Other Kids / Family at Home,
No,,,,Couldn't leave family for that long again. I might come next year.,Other Kids / Family at Home,Other Kids / Family at Home,
No,,,,Younger kids at home,Other Kids / Family at Home,Other Kids / Family at Home,
No,,,,My daughter wanted to go on her own,Wants Child to Have Independent Experience,Wants Child to Have Independent Experience,
No,,,,work,Work Schedule / Time Off,Work Schedule / Time Off,
No,,,,,,,
No,,,,Unable to take time off work.,Work Schedule / Time Off,Work Schedule / Time Off,
No,,,,,,,
No,,,,,,,
No,,,,Wife went last year. Was great! Sometimes point of trip is for kids go experience new.,Another Family Member Going Instead,Another Family Member Going Instead; Wants Child to Have Independent Experience,
No,,,,Money,Cost / Finances,Cost / Finances,
No,,,,,,,
No,,,,,,,
No,,,,,,,
No,,,,,,,
No,,,,,,,
No,,,,time away from work,Work Schedule / Time Off,Work Schedule / Time Off,
No,,,,,,,
No,,,,Finances,Cost / Finances,Cost / Finances,
No,,,,,,,
No,,,,"My child said absolutely no, I was not welcome with him.",Child Didn't Want Parent to Come,Child Didn't Want Parent to Come,
No,,,,,,,
No,,,,I felt my child would have a better exp without a parent there,Wants Child to Have Independent Experience,Wants Child to Have Independent Experience,
No,,,,Money,Cost / Finances,Cost / Finances,
No,,,,Can't take time from work.,Work Schedule / Time Off,Work Schedule / Time Off,
Maybe,,,,,,,Cost
